iteration,random_intersection
0,44
1,39
2,37
3,28
4,32
5,32
6,33
7,39
8,32
9,43
10,38
11,40
12,26
13,39
14,31
15,34
16,34
17,36
18,40
19,41
20,34
21,37
22,41
23,29
24,45
25,28
26,31
27,39
28,31
29,42
30,37
31,47
32,45
33,39
34,38
35,30
36,36
37,34
38,32
39,41
40,39
41,42
42,28
43,44
44,32
45,43
46,38
47,43
48,51
49,43
50,35
51,33
52,33
53,35
54,38
55,37
56,38
57,46
58,30
59,42
60,34
61,26
62,39
63,35
64,42
65,34
66,32
67,35
68,32
69,33
70,33
71,42
72,30
73,30
74,36
75,37
76,38
77,35
78,44
79,40
80,36
81,28
82,38
83,49
84,43
85,53
86,32
87,35
88,46
89,46
90,34
91,32
92,48
93,43
94,42
95,39
96,38
97,36
98,43
99,40
100,27
101,30
102,39
103,28
104,26
105,36
106,35
107,48
108,32
109,37
110,33
111,27
112,46
113,30
114,41
115,32
116,37
117,36
118,44
119,28
120,30
121,31
122,38
123,30
124,38
125,31
126,40
127,35
128,30
129,32
130,31
131,36
132,45
133,30
134,44
135,39
136,35
137,37
138,40
139,44
140,33
141,45
142,37
143,43
144,43
145,27
146,31
147,33
148,41
149,38
150,38
151,47
152,50
153,33
154,28
155,26
156,36
157,50
158,34
159,40
160,39
161,28
162,34
163,48
164,48
165,35
166,31
167,39
168,33
169,32
170,43
171,44
172,36
173,44
174,40
175,40
176,37
177,38
178,41
179,34
180,34
181,43
182,37
183,31
184,42
185,34
186,36
187,33
188,46
189,40
190,28
191,35
192,38
193,34
194,34
195,38
196,35
197,48
198,24
199,45
200,48
201,39
202,25
203,37
204,37
205,39
206,40
207,32
208,33
209,32
210,39
211,30
212,35
213,38
214,39
215,37
216,29
217,36
218,32
219,43
220,34
221,36
222,41
223,39
224,38
225,31
226,38
227,45
228,40
229,46
230,39
231,36
232,45
233,35
234,53
235,39
236,47
237,42
238,35
239,46
240,28
241,39
242,35
243,48
244,46
245,35
246,42
247,32
248,48
249,36
250,35
251,41
252,42
253,37
254,33
255,32
256,33
257,25
258,29
259,41
260,36
261,44
262,48
263,37
264,37
265,36
266,42
267,40
268,42
269,39
270,47
271,46
272,39
273,42
274,34
275,36
276,32
277,42
278,33
279,30
280,35
281,40
282,35
283,38
284,30
285,36
286,40
287,41
288,44
289,38
290,45
291,43
292,27
293,43
294,29
295,30
296,32
297,40
298,46
299,38
300,32
301,40
302,34
303,37
304,40
305,32
306,38
307,41
308,43
309,44
310,31
311,41
312,28
313,38
314,32
315,43
316,40
317,29
318,46
319,31
320,39
321,36
322,36
323,34
324,37
325,35
326,38
327,28
328,42
329,32
330,36
331,34
332,29
333,36
334,41
335,41
336,40
337,32
338,31
339,35
340,47
341,32
342,36
343,36
344,40
345,26
346,41
347,38
348,41
349,36
350,29
351,42
352,35
353,41
354,50
355,38
356,40
357,28
358,46
359,36
360,33
361,32
362,37
363,27
364,52
365,46
366,46
367,42
368,46
369,37
370,46
371,36
372,34
373,41
374,37
375,40
376,31
377,30
378,28
379,37
380,42
381,34
382,33
383,40
384,34
385,41
386,29
387,39
388,35
389,37
390,34
391,35
392,50
393,36
394,29
395,27
396,36
397,35
398,41
399,36
400,33
401,34
402,28
403,25
404,37
405,36
406,35
407,34
408,33
409,35
410,42
411,34
412,37
413,44
414,40
415,42
416,39
417,39
418,33
419,36
420,34
421,34
422,32
423,38
424,40
425,27
426,36
427,34
428,43
429,24
430,33
431,38
432,45
433,34
434,36
435,27
436,36
437,36
438,43
439,36
440,36
441,41
442,32
443,30
444,33
445,34
446,34
447,34
448,37
449,30
450,40
451,29
452,43
453,34
454,34
455,41
456,36
457,45
458,48
459,29
460,40
461,39
462,41
463,47
464,37
465,32
466,31
467,38
468,44
469,49
470,42
471,29
472,36
473,30
474,34
475,36
476,32
477,37
478,36
479,43
480,28
481,37
482,29
483,41
484,45
485,27
486,27
487,29
488,31
489,37
490,32
491,38
492,37
493,35
494,30
495,37
496,38
497,36
498,36
499,36
500,38
501,37
502,29
503,31
504,40
505,43
506,43
507,34
508,40
509,27
510,29
511,36
512,29
513,30
514,38
515,23
516,41
517,50
518,37
519,26
520,44
521,28
522,30
523,37
524,28
525,38
526,22
527,35
528,40
529,46
530,28
531,40
532,39
533,22
534,44
535,41
536,35
537,48
538,32
539,43
540,38
541,44
542,31
543,45
544,39
545,42
546,39
547,29
548,37
549,35
550,38
551,44
552,35
553,32
554,34
555,39
556,48
557,40
558,31
559,41
560,31
561,39
562,41
563,38
564,45
565,35
566,39
567,41
568,44
569,33
570,33
571,45
572,29
573,43
574,31
575,37
576,32
577,44
578,30
579,30
580,36
581,39
582,35
583,42
584,44
585,38
586,41
587,42
588,39
589,37
590,47
591,30
592,33
593,35
594,46
595,41
596,26
597,32
598,41
599,39
600,42
601,43
602,32
603,42
604,27
605,42
606,31
607,41
608,36
609,28
610,40
611,40
612,26
613,42
614,49
615,39
616,32
617,33
618,31
619,34
620,34
621,33
622,31
623,37
624,47
625,36
626,31
627,37
628,44
629,36
630,36
631,46
632,33
633,36
634,38
635,28
636,29
637,37
638,41
639,47
640,32
641,34
642,43
643,24
644,33
645,50
646,39
647,37
648,42
649,39
650,43
651,23
652,38
653,39
654,27
655,39
656,35
657,36
658,40
659,30
660,26
661,36
662,44
663,40
664,36
665,46
666,35
667,37
668,35
669,34
670,36
671,41
672,29
673,38
674,43
675,38
676,34
677,46
678,32
679,39
680,39
681,33
682,33
683,42
684,34
685,41
686,36
687,38
688,40
689,47
690,41
691,33
692,35
693,42
694,35
695,26
696,31
697,34
698,33
699,39
700,35
701,42
702,29
703,40
704,26
705,39
706,44
707,50
708,34
709,27
710,34
711,28
712,32
713,35
714,37
715,34
716,43
717,38
718,34
719,37
720,38
721,41
722,49
723,34
724,33
725,43
726,41
727,35
728,38
729,35
730,37
731,39
732,32
733,41
734,35
735,32
736,37
737,42
738,40
739,43
740,34
741,38
742,43
743,39
744,42
745,39
746,31
747,44
748,43
749,47
750,35
751,38
752,45
753,34
754,33
755,44
756,32
757,43
758,30
759,37
760,40
761,40
762,34
763,40
764,41
765,44
766,38
767,37
768,30
769,36
770,43
771,33
772,45
773,44
774,28
775,38
776,41
777,47
778,42
779,34
780,34
781,47
782,34
783,37
784,35
785,47
786,34
787,32
788,36
789,43
790,48
791,33
792,45
793,40
794,43
795,40
796,40
797,32
798,25
799,34
800,44
801,42
802,39
803,34
804,37
805,51
806,33
807,48
808,39
809,37
810,43
811,35
812,45
813,40
814,25
815,32
816,35
817,28
818,39
819,41
820,46
821,36
822,35
823,42
824,39
825,39
826,43
827,42
828,43
829,39
830,44
831,35
832,46
833,46
834,32
835,45
836,24
837,41
838,41
839,35
840,44
841,33
842,33
843,43
844,47
845,45
846,43
847,34
848,33
849,35
850,27
851,37
852,34
853,48
854,42
855,38
856,39
857,40
858,43
859,42
860,37
861,31
862,29
863,38
864,46
865,39
866,32
867,32
868,40
869,37
870,33
871,44
872,40
873,37
874,41
875,38
876,25
877,34
878,40
879,44
880,33
881,25
882,25
883,34
884,28
885,37
886,45
887,34
888,38
889,38
890,48
891,39
892,30
893,43
894,31
895,30
896,39
897,35
898,28
899,36
900,38
901,35
902,35
903,33
904,49
905,40
906,37
907,27
908,30
909,36
910,40
911,37
912,47
913,36
914,32
915,28
916,28
917,29
918,30
919,40
920,33
921,41
922,22
923,34
924,34
925,47
926,30
927,40
928,34
929,39
930,39
931,40
932,39
933,33
934,33
935,44
936,44
937,35
938,40
939,38
940,43
941,34
942,33
943,36
944,34
945,38
946,40
947,40
948,37
949,41
950,40
951,42
952,35
953,36
954,44
955,50
956,45
957,36
958,43
959,38
960,36
961,43
962,39
963,45
964,45
965,44
966,33
967,34
968,28
969,36
970,39
971,37
972,35
973,40
974,33
975,44
976,34
977,38
978,36
979,48
980,42
981,35
982,38
983,35
984,40
985,41
986,31
987,38
988,37
989,39
990,32
991,38
992,31
993,34
994,34
995,39
996,38
997,32
998,42
999,30
1000,39
1001,33
1002,47
1003,33
1004,43
1005,50
1006,37
1007,42
1008,31
1009,40
1010,32
1011,45
1012,34
1013,45
1014,28
1015,43
1016,34
1017,32
1018,37
1019,47
1020,39
1021,30
1022,46
1023,48
1024,35
1025,31
1026,29
1027,30
1028,29
1029,38
1030,41
1031,34
1032,45
1033,48
1034,36
1035,31
1036,48
1037,33
1038,34
1039,44
1040,54
1041,29
1042,35
1043,34
1044,40
1045,41
1046,22
1047,36
1048,39
1049,37
1050,50
1051,43
1052,38
1053,37
1054,38
1055,42
1056,48
1057,35
1058,37
1059,47
1060,37
1061,34
1062,44
1063,32
1064,42
1065,42
1066,36
1067,40
1068,32
1069,29
1070,41
1071,35
1072,40
1073,47
1074,42
1075,26
1076,34
1077,40
1078,30
1079,35
1080,32
1081,41
1082,24
1083,32
1084,40
1085,44
1086,47
1087,34
1088,41
1089,32
1090,38
1091,34
1092,27
1093,46
1094,42
1095,44
1096,36
1097,35
1098,57
1099,43
1100,42
1101,38
1102,37
1103,32
1104,34
1105,42
1106,38
1107,29
1108,25
1109,35
1110,33
1111,41
1112,45
1113,37
1114,31
1115,23
1116,51
1117,42
1118,30
1119,39
1120,38
1121,38
1122,29
1123,34
1124,48
1125,34
1126,33
1127,50
1128,35
1129,37
1130,32
1131,47
1132,27
1133,36
1134,32
1135,40
1136,36
1137,47
1138,32
1139,34
1140,47
1141,39
1142,38
1143,38
1144,28
1145,35
1146,27
1147,36
1148,35
1149,52
1150,36
1151,36
1152,43
1153,37
1154,40
1155,29
1156,33
1157,41
1158,30
1159,41
1160,35
1161,34
1162,35
1163,30
1164,45
1165,39
1166,41
1167,36
1168,28
1169,46
1170,30
1171,40
1172,30
1173,42
1174,52
1175,35
1176,35
1177,30
1178,34
1179,44
1180,36
1181,31
1182,37
1183,35
1184,31
1185,33
1186,51
1187,34
1188,39
1189,27
1190,30
1191,40
1192,40
1193,30
1194,42
1195,42
1196,38
1197,41
1198,42
1199,32
1200,36
1201,53
1202,45
1203,38
1204,40
1205,44
1206,36
1207,36
1208,32
1209,41
1210,48
1211,40
1212,35
1213,28
1214,32
1215,48
1216,30
1217,29
1218,36
1219,35
1220,45
1221,31
1222,40
1223,39
1224,48
1225,34
1226,36
1227,35
1228,35
1229,43
1230,35
1231,36
1232,42
1233,38
1234,34
1235,38
1236,46
1237,46
1238,52
1239,36
1240,28
1241,39
1242,48
1243,42
1244,40
1245,31
1246,44
1247,28
1248,32
1249,34
1250,38
1251,41
1252,36
1253,49
1254,30
1255,43
1256,35
1257,41
1258,31
1259,35
1260,37
1261,37
1262,47
1263,38
1264,43
1265,43
1266,40
1267,33
1268,30
1269,30
1270,39
1271,32
1272,41
1273,32
1274,48
1275,36
1276,43
1277,39
1278,50
1279,47
1280,40
1281,49
1282,38
1283,36
1284,47
1285,37
1286,39
1287,34
1288,44
1289,25
1290,33
1291,38
1292,35
1293,29
1294,40
1295,31
1296,32
1297,39
1298,34
1299,33
1300,42
1301,30
1302,55
1303,24
1304,39
1305,27
1306,38
1307,33
1308,38
1309,30
1310,38
1311,42
1312,43
1313,36
1314,46
1315,32
1316,24
1317,35
1318,41
1319,37
1320,36
1321,44
1322,37
1323,28
1324,39
1325,22
1326,28
1327,31
1328,47
1329,51
1330,30
1331,30
1332,30
1333,31
1334,42
1335,45
1336,41
1337,36
1338,25
1339,35
1340,27
1341,37
1342,25
1343,42
1344,32
1345,33
1346,40
1347,32
1348,38
1349,35
1350,20
1351,40
1352,33
1353,30
1354,39
1355,34
1356,47
1357,38
1358,50
1359,36
1360,42
1361,31
1362,41
1363,31
1364,46
1365,31
1366,33
1367,34
1368,35
1369,29
1370,38
1371,33
1372,43
1373,46
1374,28
1375,33
1376,36
1377,37
1378,36
1379,40
1380,41
1381,41
1382,32
1383,41
1384,33
1385,35
1386,29
1387,41
1388,51
1389,31
1390,41
1391,37
1392,49
1393,40
1394,33
1395,39
1396,35
1397,40
1398,32
1399,32
1400,28
1401,33
1402,48
1403,45
1404,35
1405,36
1406,35
1407,38
1408,28
1409,40
1410,47
1411,41
1412,35
1413,30
1414,34
1415,40
1416,44
1417,37
1418,44
1419,34
1420,41
1421,42
1422,33
1423,34
1424,43
1425,43
1426,36
1427,36
1428,32
1429,37
1430,35
1431,29
1432,46
1433,50
1434,38
1435,31
1436,33
1437,36
1438,31
1439,33
1440,32
1441,38
1442,39
1443,32
1444,42
1445,35
1446,26
1447,29
1448,36
1449,26
1450,30
1451,44
1452,29
1453,54
1454,26
1455,41
1456,24
1457,34
1458,35
1459,31
1460,36
1461,27
1462,35
1463,41
1464,41
1465,43
1466,37
1467,39
1468,44
1469,35
1470,38
1471,28
1472,38
1473,44
1474,35
1475,31
1476,25
1477,36
1478,45
1479,35
1480,31
1481,30
1482,31
1483,32
1484,34
1485,38
1486,42
1487,47
1488,34
1489,39
1490,48
1491,26
1492,38
1493,36
1494,33
1495,46
1496,51
1497,35
1498,38
1499,36
1500,51
1501,38
1502,35
1503,25
1504,41
1505,38
1506,43
1507,35
1508,29
1509,37
1510,32
1511,38
1512,41
1513,43
1514,42
1515,29
1516,37
1517,33
1518,36
1519,29
1520,33
1521,38
1522,40
1523,34
1524,46
1525,28
1526,45
1527,40
1528,37
1529,40
1530,33
1531,29
1532,34
1533,41
1534,40
1535,39
1536,37
1537,32
1538,34
1539,31
1540,29
1541,36
1542,37
1543,33
1544,30
1545,44
1546,36
1547,38
1548,34
1549,37
1550,40
1551,44
1552,37
1553,42
1554,41
1555,41
1556,33
1557,49
1558,38
1559,34
1560,38
1561,34
1562,32
1563,35
1564,55
1565,43
1566,32
1567,32
1568,29
1569,29
1570,37
1571,33
1572,33
1573,32
1574,27
1575,30
1576,32
1577,29
1578,29
1579,28
1580,36
1581,34
1582,47
1583,30
1584,27
1585,35
1586,33
1587,37
1588,39
1589,29
1590,30
1591,37
1592,32
1593,37
1594,42
1595,33
1596,30
1597,39
1598,39
1599,38
1600,30
1601,36
1602,29
1603,26
1604,45
1605,42
1606,35
1607,36
1608,41
1609,39
1610,33
1611,27
1612,37
1613,28
1614,34
1615,47
1616,40
1617,43
1618,44
1619,45
1620,27
1621,38
1622,31
1623,31
1624,42
1625,36
1626,45
1627,35
1628,37
1629,26
1630,28
1631,39
1632,43
1633,43
1634,37
1635,42
1636,48
1637,35
1638,36
1639,32
1640,29
1641,47
1642,44
1643,42
1644,36
1645,35
1646,29
1647,32
1648,33
1649,38
1650,43
1651,33
1652,32
1653,40
1654,38
1655,31
1656,40
1657,35
1658,35
1659,26
1660,33
1661,41
1662,28
1663,30
1664,43
1665,33
1666,32
1667,35
1668,30
1669,36
1670,33
1671,39
1672,48
1673,34
1674,44
1675,36
1676,47
1677,31
1678,36
1679,36
1680,42
1681,49
1682,39
1683,41
1684,45
1685,40
1686,47
1687,41
1688,28
1689,29
1690,42
1691,41
1692,30
1693,37
1694,38
1695,31
1696,30
1697,31
1698,41
1699,40
1700,38
1701,43
1702,48
1703,37
1704,37
1705,40
1706,41
1707,38
1708,48
1709,32
1710,34
1711,44
1712,44
1713,30
1714,31
1715,31
1716,38
1717,26
1718,39
1719,45
1720,41
1721,32
1722,41
1723,51
1724,30
1725,39
1726,25
1727,45
1728,44
1729,36
1730,26
1731,41
1732,36
1733,44
1734,41
1735,53
1736,44
1737,35
1738,37
1739,48
1740,41
1741,46
1742,38
1743,44
1744,39
1745,34
1746,43
1747,49
1748,28
1749,27
1750,35
1751,29
1752,37
1753,35
1754,47
1755,26
1756,29
1757,24
1758,41
1759,33
1760,37
1761,37
1762,28
1763,34
1764,39
1765,43
1766,36
1767,35
1768,38
1769,53
1770,38
1771,34
1772,42
1773,25
1774,44
1775,35
1776,37
1777,41
1778,25
1779,31
1780,47
1781,39
1782,32
1783,38
1784,44
1785,27
1786,31
1787,41
1788,41
1789,42
1790,37
1791,31
1792,40
1793,39
1794,38
1795,28
1796,43
1797,23
1798,39
1799,38
1800,38
1801,32
1802,42
1803,33
1804,36
1805,29
1806,38
1807,38
1808,33
1809,47
1810,35
1811,42
1812,38
1813,37
1814,30
1815,43
1816,38
1817,33
1818,35
1819,47
1820,35
1821,40
1822,33
1823,39
1824,31
1825,40
1826,37
1827,36
1828,40
1829,40
1830,34
1831,36
1832,31
1833,39
1834,34
1835,46
1836,51
1837,32
1838,39
1839,31
1840,40
1841,43
1842,43
1843,32
1844,34
1845,31
1846,42
1847,37
1848,42
1849,48
1850,34
1851,36
1852,42
1853,34
1854,38
1855,42
1856,40
1857,37
1858,28
1859,39
1860,45
1861,32
1862,51
1863,40
1864,41
1865,38
1866,40
1867,43
1868,31
1869,27
1870,35
1871,38
1872,34
1873,35
1874,38
1875,41
1876,39
1877,32
1878,29
1879,36
1880,42
1881,45
1882,29
1883,36
1884,41
1885,35
1886,28
1887,24
1888,40
1889,34
1890,34
1891,40
1892,46
1893,40
1894,37
1895,45
1896,38
1897,33
1898,39
1899,35
1900,28
1901,38
1902,24
1903,43
1904,32
1905,41
1906,28
1907,32
1908,42
1909,29
1910,46
1911,30
1912,39
1913,35
1914,47
1915,31
1916,33
1917,35
1918,32
1919,37
1920,47
1921,32
1922,25
1923,45
1924,31
1925,35
1926,46
1927,33
1928,32
1929,33
1930,38
1931,34
1932,41
1933,31
1934,34
1935,33
1936,37
1937,37
1938,32
1939,35
1940,33
1941,39
1942,32
1943,41
1944,34
1945,42
1946,31
1947,33
1948,36
1949,48
1950,35
1951,34
1952,49
1953,34
1954,40
1955,34
1956,27
1957,40
1958,40
1959,42
1960,42
1961,41
1962,38
1963,30
1964,42
1965,33
1966,34
1967,49
1968,39
1969,42
1970,52
1971,35
1972,41
1973,27
1974,21
1975,42
1976,37
1977,43
1978,40
1979,36
1980,30
1981,30
1982,43
1983,38
1984,40
1985,42
1986,29
1987,40
1988,28
1989,41
1990,38
1991,39
1992,41
1993,46
1994,39
1995,37
1996,39
1997,38
1998,26
1999,43
2000,36
2001,38
2002,41
2003,40
2004,21
2005,40
2006,39
2007,38
2008,31
2009,45
2010,25
2011,32
2012,34
2013,36
2014,27
2015,44
2016,39
2017,42
2018,31
2019,45
2020,28
2021,47
2022,30
2023,29
2024,28
2025,41
2026,36
2027,35
2028,23
2029,37
2030,43
2031,35
2032,38
2033,32
2034,50
2035,30
2036,41
2037,43
2038,34
2039,38
2040,39
2041,32
2042,36
2043,39
2044,31
2045,36
2046,28
2047,32
2048,31
2049,43
2050,39
2051,36
2052,38
2053,42
2054,42
2055,36
2056,42
2057,39
2058,23
2059,34
2060,36
2061,40
2062,47
2063,35
2064,38
2065,38
2066,24
2067,46
2068,34
2069,39
2070,41
2071,37
2072,44
2073,36
2074,28
2075,40
2076,42
2077,34
2078,35
2079,39
2080,30
2081,36
2082,37
2083,41
2084,38
2085,34
2086,50
2087,37
2088,47
2089,33
2090,30
2091,44
2092,26
2093,42
2094,39
2095,35
2096,36
2097,44
2098,46
2099,45
2100,32
2101,45
2102,33
2103,31
2104,33
2105,35
2106,46
2107,44
2108,36
2109,34
2110,42
2111,54
2112,29
2113,51
2114,43
2115,44
2116,28
2117,35
2118,43
2119,41
2120,38
2121,29
2122,27
2123,33
2124,48
2125,35
2126,26
2127,49
2128,43
2129,31
2130,35
2131,41
2132,36
2133,31
2134,38
2135,34
2136,44
2137,37
2138,40
2139,38
2140,44
2141,31
2142,33
2143,34
2144,43
2145,34
2146,41
2147,49
2148,36
2149,32
2150,39
2151,29
2152,31
2153,31
2154,29
2155,36
2156,38
2157,44
2158,44
2159,38
2160,33
2161,38
2162,41
2163,36
2164,38
2165,31
2166,31
2167,31
2168,35
2169,30
2170,40
2171,43
2172,39
2173,37
2174,44
2175,29
2176,32
2177,33
2178,28
2179,45
2180,35
2181,39
2182,32
2183,37
2184,36
2185,34
2186,33
2187,33
2188,31
2189,35
2190,44
2191,47
2192,38
2193,43
2194,34
2195,36
2196,44
2197,40
2198,32
2199,36
2200,34
2201,33
2202,35
2203,45
2204,46
2205,36
2206,48
2207,54
2208,44
2209,39
2210,35
2211,31
2212,29
2213,42
2214,39
2215,37
2216,39
2217,30
2218,35
2219,32
2220,35
2221,36
2222,37
2223,51
2224,37
2225,26
2226,32
2227,41
2228,42
2229,35
2230,42
2231,33
2232,39
2233,48
2234,33
2235,36
2236,37
2237,32
2238,41
2239,44
2240,48
2241,41
2242,35
2243,32
2244,48
2245,47
2246,40
2247,41
2248,39
2249,44
2250,31
2251,36
2252,39
2253,45
2254,34
2255,32
2256,29
2257,46
2258,26
2259,47
2260,27
2261,40
2262,36
2263,42
2264,35
2265,38
2266,52
2267,37
2268,32
2269,30
2270,47
2271,32
2272,39
2273,38
2274,29
2275,32
2276,26
2277,31
2278,32
2279,42
2280,42
2281,41
2282,33
2283,27
2284,44
2285,28
2286,36
2287,40
2288,36
2289,38
2290,46
2291,43
2292,29
2293,40
2294,47
2295,45
2296,43
2297,38
2298,32
2299,38
2300,41
2301,33
2302,42
2303,48
2304,39
2305,30
2306,45
2307,37
2308,30
2309,32
2310,42
2311,40
2312,43
2313,35
2314,44
2315,44
2316,42
2317,30
2318,38
2319,30
2320,42
2321,29
2322,34
2323,35
2324,42
2325,43
2326,31
2327,35
2328,46
2329,37
2330,39
2331,29
2332,32
2333,47
2334,42
2335,33
2336,37
2337,42
2338,33
2339,34
2340,37
2341,45
2342,38
2343,33
2344,42
2345,37
2346,41
2347,30
2348,36
2349,45
2350,34
2351,37
2352,34
2353,41
2354,32
2355,38
2356,41
2357,40
2358,44
2359,42
2360,37
2361,38
2362,29
2363,55
2364,35
2365,39
2366,34
2367,45
2368,34
2369,51
2370,37
2371,37
2372,42
2373,42
2374,45
2375,30
2376,38
2377,37
2378,40
2379,29
2380,38
2381,37
2382,29
2383,33
2384,34
2385,38
2386,39
2387,35
2388,51
2389,32
2390,37
2391,35
2392,44
2393,30
2394,39
2395,30
2396,43
2397,43
2398,33
2399,48
2400,40
2401,40
2402,37
2403,36
2404,32
2405,36
2406,31
2407,29
2408,35
2409,38
2410,37
2411,40
2412,45
2413,30
2414,33
2415,32
2416,36
2417,34
2418,38
2419,48
2420,32
2421,39
2422,37
2423,39
2424,37
2425,41
2426,49
2427,38
2428,29
2429,39
2430,44
2431,37
2432,37
2433,31
2434,41
2435,43
2436,38
2437,35
2438,35
2439,30
2440,38
2441,35
2442,35
2443,36
2444,35
2445,41
2446,41
2447,39
2448,29
2449,27
2450,40
2451,41
2452,46
2453,31
2454,36
2455,27
2456,36
2457,37
2458,26
2459,34
2460,41
2461,32
2462,27
2463,41
2464,44
2465,31
2466,37
2467,53
2468,34
2469,31
2470,38
2471,48
2472,39
2473,31
2474,32
2475,37
2476,43
2477,35
2478,43
2479,44
2480,40
2481,40
2482,34
2483,46
2484,50
2485,28
2486,35
2487,36
2488,29
2489,34
2490,27
2491,32
2492,39
2493,43
2494,37
2495,48
2496,35
2497,34
2498,31
2499,30
2500,37
2501,33
2502,30
2503,30
2504,30
2505,39
2506,39
2507,38
2508,44
2509,29
2510,36
2511,47
2512,35
2513,35
2514,36
2515,35
2516,31
2517,30
2518,36
2519,40
2520,44
2521,33
2522,37
2523,43
2524,40
2525,33
2526,41
2527,43
2528,33
2529,41
2530,46
2531,32
2532,42
2533,37
2534,38
2535,40
2536,37
2537,35
2538,32
2539,36
2540,40
2541,34
2542,35
2543,40
2544,33
2545,30
2546,37
2547,34
2548,41
2549,39
2550,38
2551,35
2552,35
2553,42
2554,30
2555,37
2556,47
2557,42
2558,39
2559,39
2560,30
2561,40
2562,35
2563,34
2564,38
2565,33
2566,35
2567,34
2568,40
2569,42
2570,31
2571,40
2572,42
2573,38
2574,42
2575,36
2576,33
2577,37
2578,35
2579,35
2580,43
2581,40
2582,30
2583,36
2584,41
2585,44
2586,41
2587,38
2588,27
2589,47
2590,36
2591,34
2592,34
2593,43
2594,32
2595,38
2596,44
2597,41
2598,44
2599,41
2600,34
2601,45
2602,40
2603,45
2604,44
2605,40
2606,35
2607,46
2608,27
2609,30
2610,37
2611,27
2612,41
2613,39
2614,38
2615,50
2616,37
2617,35
2618,25
2619,32
2620,36
2621,39
2622,35
2623,35
2624,37
2625,34
2626,35
2627,40
2628,40
2629,35
2630,33
2631,36
2632,37
2633,34
2634,34
2635,44
2636,24
2637,35
2638,37
2639,32
2640,37
2641,32
2642,36
2643,48
2644,48
2645,26
2646,40
2647,56
2648,30
2649,45
2650,32
2651,33
2652,45
2653,39
2654,45
2655,34
2656,36
2657,50
2658,41
2659,34
2660,48
2661,39
2662,31
2663,33
2664,45
2665,41
2666,43
2667,29
2668,36
2669,44
2670,34
2671,47
2672,33
2673,44
2674,31
2675,45
2676,37
2677,43
2678,33
2679,34
2680,39
2681,34
2682,36
2683,33
2684,39
2685,42
2686,35
2687,31
2688,46
2689,33
2690,39
2691,36
2692,37
2693,28
2694,39
2695,31
2696,39
2697,45
2698,41
2699,31
2700,36
2701,43
2702,34
2703,29
2704,37
2705,31
2706,35
2707,42
2708,34
2709,34
2710,39
2711,27
2712,27
2713,30
2714,30
2715,35
2716,33
2717,40
2718,37
2719,44
2720,43
2721,34
2722,30
2723,37
2724,36
2725,36
2726,29
2727,36
2728,32
2729,34
2730,33
2731,36
2732,36
2733,31
2734,33
2735,46
2736,40
2737,29
2738,29
2739,39
2740,26
2741,30
2742,27
2743,42
2744,41
2745,33
2746,37
2747,51
2748,34
2749,35
2750,43
2751,37
2752,25
2753,35
2754,43
2755,40
2756,40
2757,40
2758,34
2759,31
2760,45
2761,28
2762,40
2763,41
2764,33
2765,31
2766,30
2767,36
2768,44
2769,28
2770,31
2771,39
2772,38
2773,30
2774,40
2775,38
2776,34
2777,35
2778,33
2779,36
2780,36
2781,39
2782,46
2783,36
2784,22
2785,38
2786,51
2787,34
2788,34
2789,37
2790,37
2791,40
2792,46
2793,44
2794,37
2795,38
2796,35
2797,35
2798,39
2799,30
2800,37
2801,37
2802,35
2803,38
2804,38
2805,37
2806,48
2807,34
2808,30
2809,33
2810,38
2811,38
2812,38
2813,36
2814,44
2815,39
2816,28
2817,35
2818,36
2819,31
2820,37
2821,34
2822,37
2823,31
2824,38
2825,28
2826,29
2827,36
2828,35
2829,31
2830,38
2831,34
2832,33
2833,43
2834,36
2835,44
2836,36
2837,41
2838,32
2839,33
2840,36
2841,34
2842,32
2843,34
2844,27
2845,35
2846,42
2847,42
2848,41
2849,34
2850,35
2851,44
2852,39
2853,34
2854,28
2855,31
2856,35
2857,35
2858,37
2859,44
2860,32
2861,29
2862,47
2863,45
2864,32
2865,32
2866,33
2867,28
2868,43
2869,34
2870,34
2871,34
2872,36
2873,44
2874,32
2875,34
2876,36
2877,43
2878,40
2879,26
2880,42
2881,49
2882,32
2883,34
2884,41
2885,35
2886,29
2887,39
2888,28
2889,42
2890,40
2891,32
2892,29
2893,39
2894,25
2895,49
2896,39
2897,31
2898,34
2899,26
2900,37
2901,31
2902,44
2903,39
2904,35
2905,44
2906,29
2907,45
2908,35
2909,39
2910,43
2911,39
2912,32
2913,40
2914,30
2915,39
2916,39
2917,39
2918,36
2919,43
2920,45
2921,43
2922,38
2923,43
2924,34
2925,53
2926,28
2927,48
2928,36
2929,29
2930,44
2931,33
2932,42
2933,31
2934,46
2935,51
2936,26
2937,31
2938,41
2939,33
2940,39
2941,32
2942,43
2943,38
2944,43
2945,29
2946,40
2947,31
2948,28
2949,32
2950,40
2951,40
2952,31
2953,32
2954,40
2955,31
2956,41
2957,39
2958,30
2959,27
2960,42
2961,36
2962,38
2963,37
2964,31
2965,36
2966,40
2967,38
2968,40
2969,39
2970,42
2971,31
2972,35
2973,42
2974,39
2975,37
2976,35
2977,37
2978,31
2979,41
2980,38
2981,40
2982,36
2983,29
2984,40
2985,58
2986,36
2987,44
2988,23
2989,34
2990,35
2991,45
2992,43
2993,37
2994,42
2995,41
2996,42
2997,34
2998,31
2999,38
3000,32
3001,31
3002,39
3003,25
3004,33
3005,39
3006,36
3007,37
3008,40
3009,41
3010,43
3011,44
3012,33
3013,39
3014,42
3015,32
3016,38
3017,30
3018,51
3019,44
3020,37
3021,44
3022,29
3023,30
3024,29
3025,41
3026,29
3027,50
3028,36
3029,39
3030,42
3031,28
3032,42
3033,30
3034,41
3035,34
3036,33
3037,39
3038,50
3039,26
3040,46
3041,40
3042,32
3043,30
3044,39
3045,44
3046,33
3047,30
3048,38
3049,45
3050,34
3051,38
3052,36
3053,33
3054,45
3055,50
3056,27
3057,40
3058,33
3059,46
3060,46
3061,39
3062,38
3063,46
3064,37
3065,38
3066,38
3067,31
3068,29
3069,34
3070,41
3071,37
3072,29
3073,38
3074,42
3075,37
3076,36
3077,38
3078,37
3079,36
3080,39
3081,38
3082,31
3083,42
3084,52
3085,43
3086,45
3087,33
3088,37
3089,40
3090,28
3091,42
3092,42
3093,46
3094,34
3095,39
3096,32
3097,32
3098,46
3099,48
3100,35
3101,44
3102,43
3103,34
3104,39
3105,40
3106,36
3107,49
3108,39
3109,39
3110,33
3111,32
3112,41
3113,33
3114,38
3115,39
3116,53
3117,43
3118,40
3119,34
3120,38
3121,44
3122,36
3123,35
3124,43
3125,35
3126,34
3127,45
3128,40
3129,35
3130,33
3131,35
3132,34
3133,44
3134,39
3135,39
3136,37
3137,39
3138,26
3139,25
3140,45
3141,36
3142,37
3143,42
3144,34
3145,37
3146,38
3147,28
3148,31
3149,30
3150,32
3151,44
3152,52
3153,42
3154,30
3155,40
3156,33
3157,31
3158,46
3159,33
3160,41
3161,32
3162,33
3163,40
3164,36
3165,35
3166,36
3167,42
3168,41
3169,29
3170,35
3171,52
3172,37
3173,39
3174,32
3175,38
3176,48
3177,38
3178,40
3179,31
3180,32
3181,37
3182,41
3183,37
3184,33
3185,37
3186,26
3187,39
3188,31
3189,33
3190,26
3191,39
3192,36
3193,41
3194,26
3195,47
3196,41
3197,39
3198,38
3199,27
3200,37
3201,37
3202,44
3203,42
3204,35
3205,46
3206,33
3207,28
3208,49
3209,36
3210,25
3211,43
3212,30
3213,34
3214,41
3215,40
3216,26
3217,37
3218,34
3219,40
3220,38
3221,33
3222,40
3223,41
3224,40
3225,28
3226,30
3227,42
3228,26
3229,32
3230,36
3231,38
3232,42
3233,36
3234,30
3235,30
3236,39
3237,32
3238,41
3239,39
3240,41
3241,36
3242,39
3243,47
3244,50
3245,32
3246,32
3247,41
3248,44
3249,40
3250,34
3251,47
3252,35
3253,39
3254,40
3255,33
3256,31
3257,33
3258,29
3259,41
3260,43
3261,48
3262,41
3263,38
3264,37
3265,42
3266,42
3267,37
3268,44
3269,35
3270,43
3271,38
3272,34
3273,32
3274,36
3275,40
3276,36
3277,33
3278,37
3279,34
3280,32
3281,48
3282,35
3283,35
3284,45
3285,43
3286,41
3287,50
3288,31
3289,38
3290,42
3291,40
3292,34
3293,30
3294,19
3295,43
3296,25
3297,39
3298,39
3299,29
3300,36
3301,30
3302,34
3303,38
3304,37
3305,30
3306,33
3307,39
3308,37
3309,40
3310,36
3311,37
3312,38
3313,41
3314,32
3315,36
3316,40
3317,30
3318,42
3319,33
3320,46
3321,31
3322,32
3323,35
3324,35
3325,41
3326,33
3327,38
3328,29
3329,37
3330,39
3331,37
3332,39
3333,38
3334,29
3335,31
3336,38
3337,34
3338,26
3339,31
3340,42
3341,38
3342,44
3343,37
3344,46
3345,37
3346,33
3347,36
3348,36
3349,22
3350,37
3351,47
3352,46
3353,37
3354,44
3355,37
3356,48
3357,31
3358,33
3359,34
3360,31
3361,42
3362,37
3363,32
3364,41
3365,34
3366,43
3367,51
3368,31
3369,35
3370,34
3371,44
3372,40
3373,36
3374,34
3375,30
3376,25
3377,44
3378,38
3379,41
3380,32
3381,42
3382,39
3383,43
3384,35
3385,35
3386,33
3387,35
3388,36
3389,34
3390,37
3391,24
3392,42
3393,42
3394,43
3395,35
3396,38
3397,45
3398,23
3399,42
3400,33
3401,46
3402,34
3403,40
3404,33
3405,35
3406,32
3407,40
3408,36
3409,34
3410,34
3411,38
3412,48
3413,35
3414,32
3415,38
3416,43
3417,34
3418,42
3419,43
3420,34
3421,42
3422,43
3423,45
3424,41
3425,37
3426,43
3427,36
3428,52
3429,40
3430,39
3431,34
3432,34
3433,33
3434,43
3435,36
3436,37
3437,35
3438,33
3439,33
3440,38
3441,32
3442,41
3443,29
3444,40
3445,41
3446,35
3447,37
3448,43
3449,40
3450,44
3451,31
3452,28
3453,36
3454,33
3455,33
3456,43
3457,35
3458,37
3459,27
3460,47
3461,29
3462,46
3463,32
3464,36
3465,35
3466,27
3467,23
3468,32
3469,32
3470,29
3471,42
3472,42
3473,40
3474,27
3475,33
3476,36
3477,37
3478,44
3479,30
3480,39
3481,36
3482,36
3483,37
3484,41
3485,36
3486,46
3487,36
3488,37
3489,39
3490,48
3491,44
3492,44
3493,38
3494,35
3495,35
3496,51
3497,37
3498,41
3499,31
3500,32
3501,44
3502,36
3503,38
3504,35
3505,37
3506,35
3507,30
3508,30
3509,39
3510,30
3511,40
3512,40
3513,31
3514,41
3515,33
3516,37
3517,45
3518,39
3519,43
3520,50
3521,37
3522,34
3523,35
3524,35
3525,33
3526,38
3527,38
3528,30
3529,37
3530,33
3531,37
3532,45
3533,41
3534,43
3535,44
3536,30
3537,48
3538,45
3539,39
3540,31
3541,28
3542,33
3543,32
3544,55
3545,38
3546,39
3547,44
3548,46
3549,33
3550,48
3551,42
3552,32
3553,40
3554,40
3555,35
3556,32
3557,36
3558,37
3559,35
3560,43
3561,38
3562,30
3563,31
3564,32
3565,41
3566,32
3567,46
3568,30
3569,42
3570,39
3571,41
3572,36
3573,30
3574,29
3575,32
3576,38
3577,33
3578,40
3579,39
3580,30
3581,41
3582,29
3583,42
3584,35
3585,34
3586,38
3587,33
3588,37
3589,29
3590,40
3591,51
3592,38
3593,44
3594,27
3595,36
3596,40
3597,49
3598,25
3599,40
3600,39
3601,30
3602,36
3603,49
3604,28
3605,37
3606,39
3607,43
3608,38
3609,32
3610,41
3611,32
3612,43
3613,43
3614,26
3615,37
3616,47
3617,31
3618,41
3619,36
3620,35
3621,44
3622,32
3623,32
3624,34
3625,38
3626,43
3627,42
3628,35
3629,44
3630,35
3631,35
3632,34
3633,32
3634,33
3635,42
3636,33
3637,39
3638,46
3639,45
3640,35
3641,45
3642,28
3643,37
3644,32
3645,32
3646,47
3647,36
3648,55
3649,35
3650,32
3651,35
3652,40
3653,48
3654,49
3655,36
3656,34
3657,34
3658,35
3659,34
3660,29
3661,40
3662,38
3663,51
3664,29
3665,32
3666,37
3667,39
3668,42
3669,36
3670,36
3671,39
3672,43
3673,32
3674,36
3675,28
3676,37
3677,39
3678,47
3679,30
3680,33
3681,42
3682,38
3683,33
3684,40
3685,32
3686,37
3687,40
3688,39
3689,46
3690,37
3691,35
3692,39
3693,34
3694,30
3695,41
3696,27
3697,37
3698,39
3699,42
3700,41
3701,28
3702,48
3703,45
3704,36
3705,36
3706,37
3707,32
3708,30
3709,44
3710,44
3711,38
3712,27
3713,42
3714,43
3715,38
3716,33
3717,30
3718,34
3719,35
3720,32
3721,42
3722,35
3723,37
3724,45
3725,31
3726,28
3727,31
3728,33
3729,35
3730,31
3731,36
3732,32
3733,48
3734,48
3735,42
3736,35
3737,41
3738,33
3739,37
3740,36
3741,36
3742,34
3743,33
3744,43
3745,32
3746,36
3747,38
3748,40
3749,41
3750,43
3751,39
3752,50
3753,34
3754,29
3755,39
3756,40
3757,38
3758,26
3759,33
3760,43
3761,37
3762,39
3763,30
3764,40
3765,36
3766,38
3767,28
3768,34
3769,32
3770,30
3771,41
3772,51
3773,41
3774,33
3775,37
3776,34
3777,32
3778,39
3779,28
3780,36
3781,28
3782,37
3783,41
3784,35
3785,39
3786,45
3787,37
3788,36
3789,38
3790,52
3791,37
3792,48
3793,42
3794,38
3795,37
3796,43
3797,42
3798,31
3799,36
3800,36
3801,29
3802,37
3803,32
3804,40
3805,41
3806,35
3807,41
3808,39
3809,27
3810,35
3811,44
3812,33
3813,44
3814,40
3815,38
3816,32
3817,35
3818,34
3819,41
3820,31
3821,38
3822,34
3823,30
3824,30
3825,47
3826,38
3827,41
3828,22
3829,27
3830,33
3831,40
3832,32
3833,44
3834,36
3835,39
3836,31
3837,32
3838,44
3839,39
3840,36
3841,31
3842,43
3843,46
3844,30
3845,36
3846,40
3847,45
3848,27
3849,40
3850,41
3851,32
3852,26
3853,50
3854,45
3855,39
3856,38
3857,24
3858,26
3859,35
3860,27
3861,46
3862,35
3863,42
3864,32
3865,42
3866,41
3867,38
3868,41
3869,33
3870,50
3871,34
3872,30
3873,32
3874,41
3875,38
3876,48
3877,29
3878,40
3879,32
3880,39
3881,35
3882,28
3883,44
3884,42
3885,26
3886,39
3887,36
3888,37
3889,39
3890,40
3891,43
3892,37
3893,32
3894,40
3895,41
3896,32
3897,30
3898,35
3899,40
3900,42
3901,40
3902,34
3903,35
3904,46
3905,35
3906,34
3907,45
3908,34
3909,32
3910,45
3911,38
3912,38
3913,38
3914,47
3915,45
3916,35
3917,23
3918,37
3919,36
3920,46
3921,48
3922,37
3923,37
3924,31
3925,36
3926,38
3927,30
3928,34
3929,30
3930,39
3931,41
3932,36
3933,40
3934,45
3935,31
3936,46
3937,49
3938,48
3939,33
3940,35
3941,39
3942,32
3943,49
3944,27
3945,40
3946,39
3947,33
3948,45
3949,29
3950,35
3951,46
3952,37
3953,34
3954,33
3955,41
3956,40
3957,41
3958,40
3959,34
3960,40
3961,42
3962,34
3963,38
3964,35
3965,42
3966,32
3967,41
3968,39
3969,38
3970,35
3971,44
3972,34
3973,36
3974,37
3975,39
3976,39
3977,40
3978,42
3979,39
3980,45
3981,37
3982,49
3983,30
3984,43
3985,32
3986,31
3987,37
3988,38
3989,33
3990,43
3991,36
3992,40
3993,30
3994,48
3995,37
3996,41
3997,37
3998,34
3999,34
4000,34
4001,31
4002,47
4003,39
4004,41
4005,30
4006,39
4007,47
4008,30
4009,30
4010,37
4011,40
4012,32
4013,36
4014,40
4015,45
4016,37
4017,43
4018,28
4019,28
4020,35
4021,29
4022,43
4023,34
4024,37
4025,37
4026,34
4027,41
4028,36
4029,43
4030,42
4031,33
4032,38
4033,24
4034,40
4035,38
4036,47
4037,35
4038,34
4039,48
4040,37
4041,33
4042,39
4043,22
4044,41
4045,36
4046,43
4047,42
4048,40
4049,28
4050,45
4051,40
4052,40
4053,24
4054,45
4055,33
4056,31
4057,41
4058,40
4059,30
4060,45
4061,39
4062,38
4063,38
4064,35
4065,40
4066,33
4067,44
4068,42
4069,32
4070,32
4071,25
4072,30
4073,42
4074,35
4075,34
4076,43
4077,26
4078,40
4079,43
4080,32
4081,38
4082,40
4083,39
4084,39
4085,28
4086,42
4087,39
4088,31
4089,39
4090,39
4091,34
4092,36
4093,57
4094,33
4095,33
4096,37
4097,39
4098,42
4099,34
4100,37
4101,26
4102,37
4103,30
4104,31
4105,40
4106,40
4107,41
4108,35
4109,38
4110,36
4111,39
4112,40
4113,38
4114,35
4115,34
4116,39
4117,30
4118,35
4119,46
4120,31
4121,33
4122,44
4123,45
4124,29
4125,43
4126,32
4127,43
4128,31
4129,40
4130,35
4131,37
4132,42
4133,41
4134,36
4135,30
4136,34
4137,41
4138,29
4139,42
4140,47
4141,33
4142,38
4143,33
4144,37
4145,37
4146,35
4147,44
4148,40
4149,39
4150,34
4151,32
4152,39
4153,26
4154,45
4155,40
4156,19
4157,35
4158,53
4159,53
4160,34
4161,40
4162,32
4163,35
4164,43
4165,46
4166,29
4167,30
4168,33
4169,36
4170,39
4171,39
4172,43
4173,35
4174,44
4175,36
4176,26
4177,33
4178,40
4179,40
4180,39
4181,42
4182,30
4183,36
4184,48
4185,38
4186,49
4187,32
4188,37
4189,34
4190,35
4191,50
4192,40
4193,41
4194,40
4195,36
4196,31
4197,43
4198,37
4199,28
4200,44
4201,37
4202,48
4203,40
4204,41
4205,34
4206,39
4207,30
4208,35
4209,29
4210,32
4211,32
4212,41
4213,41
4214,47
4215,33
4216,46
4217,40
4218,27
4219,34
4220,37
4221,40
4222,38
4223,36
4224,31
4225,43
4226,33
4227,41
4228,34
4229,31
4230,32
4231,32
4232,39
4233,25
4234,32
4235,41
4236,25
4237,41
4238,29
4239,40
4240,44
4241,42
4242,43
4243,35
4244,38
4245,23
4246,32
4247,35
4248,29
4249,34
4250,36
4251,42
4252,53
4253,46
4254,33
4255,41
4256,39
4257,41
4258,30
4259,36
4260,36
4261,38
4262,37
4263,35
4264,40
4265,29
4266,41
4267,39
4268,33
4269,33
4270,51
4271,40
4272,34
4273,36
4274,36
4275,38
4276,32
4277,51
4278,38
4279,39
4280,33
4281,40
4282,38
4283,46
4284,31
4285,37
4286,34
4287,34
4288,36
4289,42
4290,38
4291,40
4292,37
4293,35
4294,34
4295,34
4296,33
4297,36
4298,28
4299,38
4300,48
4301,45
4302,49
4303,31
4304,35
4305,43
4306,41
4307,37
4308,36
4309,44
4310,43
4311,34
4312,44
4313,34
4314,43
4315,26
4316,37
4317,37
4318,39
4319,39
4320,41
4321,48
4322,37
4323,39
4324,34
4325,32
4326,37
4327,36
4328,41
4329,34
4330,45
4331,33
4332,52
4333,32
4334,36
4335,24
4336,44
4337,41
4338,36
4339,40
4340,43
4341,42
4342,34
4343,33
4344,35
4345,35
4346,32
4347,38
4348,41
4349,38
4350,50
4351,32
4352,33
4353,37
4354,34
4355,38
4356,33
4357,31
4358,35
4359,45
4360,40
4361,28
4362,36
4363,31
4364,32
4365,43
4366,32
4367,35
4368,38
4369,38
4370,31
4371,40
4372,44
4373,38
4374,29
4375,31
4376,26
4377,32
4378,50
4379,39
4380,34
4381,37
4382,41
4383,40
4384,37
4385,42
4386,38
4387,44
4388,39
4389,29
4390,36
4391,45
4392,35
4393,28
4394,30
4395,40
4396,42
4397,30
4398,36
4399,32
4400,36
4401,33
4402,42
4403,48
4404,37
4405,29
4406,34
4407,38
4408,46
4409,35
4410,45
4411,45
4412,34
4413,38
4414,42
4415,35
4416,37
4417,39
4418,31
4419,45
4420,42
4421,30
4422,41
4423,35
4424,31
4425,37
4426,33
4427,33
4428,36
4429,31
4430,36
4431,39
4432,36
4433,34
4434,28
4435,49
4436,32
4437,35
4438,51
4439,31
4440,37
4441,35
4442,37
4443,42
4444,43
4445,31
4446,27
4447,42
4448,41
4449,43
4450,46
4451,31
4452,32
4453,30
4454,31
4455,39
4456,38
4457,30
4458,38
4459,25
4460,49
4461,39
4462,46
4463,35
4464,38
4465,33
4466,43
4467,40
4468,41
4469,33
4470,25
4471,35
4472,34
4473,33
4474,36
4475,38
4476,34
4477,37
4478,41
4479,38
4480,40
4481,30
4482,33
4483,50
4484,32
4485,42
4486,37
4487,45
4488,45
4489,42
4490,41
4491,33
4492,33
4493,41
4494,42
4495,35
4496,31
4497,33
4498,22
4499,44
4500,30
4501,42
4502,41
4503,29
4504,43
4505,40
4506,40
4507,44
4508,41
4509,29
4510,42
4511,39
4512,32
4513,38
4514,32
4515,40
4516,36
4517,41
4518,34
4519,28
4520,42
4521,32
4522,42
4523,41
4524,42
4525,39
4526,39
4527,43
4528,28
4529,39
4530,32
4531,42
4532,36
4533,46
4534,34
4535,33
4536,43
4537,54
4538,43
4539,34
4540,32
4541,35
4542,40
4543,33
4544,34
4545,40
4546,31
4547,46
4548,36
4549,46
4550,39
4551,33
4552,40
4553,35
4554,34
4555,45
4556,24
4557,31
4558,34
4559,39
4560,36
4561,37
4562,30
4563,26
4564,35
4565,42
4566,36
4567,35
4568,30
4569,34
4570,26
4571,37
4572,30
4573,41
4574,34
4575,41
4576,45
4577,33
4578,37
4579,26
4580,34
4581,35
4582,38
4583,43
4584,27
4585,35
4586,39
4587,28
4588,35
4589,32
4590,37
4591,32
4592,38
4593,30
4594,35
4595,33
4596,39
4597,42
4598,38
4599,30
4600,38
4601,39
4602,39
4603,37
4604,34
4605,42
4606,27
4607,33
4608,48
4609,41
4610,37
4611,41
4612,31
4613,31
4614,29
4615,43
4616,33
4617,40
4618,37
4619,43
4620,34
4621,42
4622,37
4623,42
4624,33
4625,42
4626,38
4627,38
4628,37
4629,36
4630,33
4631,40
4632,33
4633,40
4634,39
4635,36
4636,28
4637,40
4638,34
4639,40
4640,37
4641,45
4642,36
4643,32
4644,31
4645,42
4646,37
4647,42
4648,37
4649,40
4650,49
4651,40
4652,35
4653,37
4654,34
4655,42
4656,38
4657,33
4658,43
4659,42
4660,35
4661,49
4662,39
4663,33
4664,28
4665,30
4666,38
4667,30
4668,34
4669,38
4670,35
4671,38
4672,33
4673,44
4674,35
4675,31
4676,34
4677,35
4678,36
4679,35
4680,30
4681,43
4682,42
4683,36
4684,41
4685,41
4686,45
4687,29
4688,41
4689,46
4690,38
4691,24
4692,28
4693,49
4694,44
4695,41
4696,37
4697,39
4698,45
4699,34
4700,43
4701,39
4702,34
4703,32
4704,28
4705,41
4706,35
4707,35
4708,38
4709,43
4710,33
4711,40
4712,37
4713,40
4714,40
4715,37
4716,49
4717,32
4718,42
4719,45
4720,42
4721,27
4722,40
4723,40
4724,27
4725,35
4726,40
4727,37
4728,35
4729,40
4730,53
4731,37
4732,38
4733,43
4734,46
4735,46
4736,43
4737,49
4738,48
4739,40
4740,36
4741,44
4742,34
4743,41
4744,45
4745,47
4746,30
4747,42
4748,32
4749,37
4750,31
4751,31
4752,32
4753,52
4754,30
4755,38
4756,48
4757,34
4758,38
4759,33
4760,51
4761,38
4762,34
4763,30
4764,38
4765,37
4766,37
4767,40
4768,37
4769,31
4770,29
4771,48
4772,39
4773,46
4774,28
4775,27
4776,34
4777,35
4778,33
4779,46
4780,41
4781,38
4782,35
4783,34
4784,42
4785,45
4786,39
4787,31
4788,36
4789,34
4790,33
4791,48
4792,38
4793,39
4794,48
4795,25
4796,22
4797,39
4798,35
4799,45
4800,40
4801,37
4802,31
4803,35
4804,34
4805,35
4806,28
4807,30
4808,23
4809,37
4810,33
4811,23
4812,39
4813,36
4814,36
4815,39
4816,39
4817,37
4818,37
4819,35
4820,40
4821,46
4822,29
4823,35
4824,40
4825,47
4826,39
4827,37
4828,40
4829,31
4830,38
4831,37
4832,39
4833,39
4834,32
4835,38
4836,40
4837,42
4838,45
4839,39
4840,45
4841,39
4842,32
4843,34
4844,30
4845,27
4846,27
4847,40
4848,27
4849,36
4850,30
4851,41
4852,37
4853,46
4854,50
4855,36
4856,27
4857,48
4858,37
4859,29
4860,30
4861,42
4862,24
4863,39
4864,43
4865,42
4866,37
4867,39
4868,33
4869,38
4870,31
4871,46
4872,38
4873,39
4874,33
4875,27
4876,46
4877,28
4878,37
4879,40
4880,26
4881,36
4882,38
4883,36
4884,38
4885,36
4886,45
4887,39
4888,45
4889,33
4890,36
4891,42
4892,36
4893,42
4894,45
4895,43
4896,47
4897,33
4898,38
4899,39
4900,44
4901,38
4902,22
4903,49
4904,36
4905,50
4906,37
4907,30
4908,34
4909,33
4910,42
4911,35
4912,45
4913,41
4914,30
4915,35
4916,38
4917,43
4918,42
4919,34
4920,41
4921,35
4922,35
4923,35
4924,44
4925,40
4926,38
4927,33
4928,34
4929,33
4930,42
4931,37
4932,35
4933,53
4934,20
4935,30
4936,22
4937,33
4938,29
4939,34
4940,42
4941,31
4942,38
4943,33
4944,28
4945,31
4946,44
4947,53
4948,41
4949,45
4950,32
4951,37
4952,39
4953,41
4954,37
4955,35
4956,44
4957,30
4958,40
4959,35
4960,42
4961,32
4962,41
4963,36
4964,48
4965,39
4966,40
4967,40
4968,49
4969,42
4970,41
4971,32
4972,33
4973,39
4974,34
4975,40
4976,41
4977,35
4978,34
4979,31
4980,37
4981,29
4982,35
4983,42
4984,33
4985,37
4986,36
4987,30
4988,45
4989,32
4990,41
4991,34
4992,32
4993,50
4994,51
4995,31
4996,39
4997,37
4998,28
4999,35
5000,33
5001,44
5002,40
5003,44
5004,24
5005,30
5006,33
5007,46
5008,38
5009,28
5010,33
5011,36
5012,38
5013,36
5014,36
5015,34
5016,34
5017,47
5018,33
5019,48
5020,38
5021,36
5022,33
5023,37
5024,31
5025,41
5026,37
5027,33
5028,30
5029,33
5030,41
5031,48
5032,34
5033,35
5034,37
5035,38
5036,27
5037,31
5038,35
5039,30
5040,37
5041,38
5042,26
5043,38
5044,39
5045,38
5046,26
5047,40
5048,44
5049,32
5050,38
5051,41
5052,41
5053,30
5054,44
5055,45
5056,32
5057,47
5058,35
5059,41
5060,42
5061,38
5062,45
5063,46
5064,39
5065,41
5066,39
5067,38
5068,25
5069,31
5070,35
5071,34
5072,37
5073,36
5074,40
5075,41
5076,42
5077,36
5078,22
5079,32
5080,29
5081,35
5082,37
5083,29
5084,38
5085,50
5086,37
5087,39
5088,35
5089,39
5090,44
5091,37
5092,47
5093,31
5094,37
5095,43
5096,38
5097,36
5098,32
5099,37
5100,42
5101,32
5102,35
5103,32
5104,26
5105,43
5106,33
5107,48
5108,29
5109,39
5110,32
5111,55
5112,28
5113,38
5114,35
5115,35
5116,33
5117,35
5118,49
5119,38
5120,36
5121,31
5122,43
5123,51
5124,22
5125,32
5126,39
5127,41
5128,29
5129,39
5130,45
5131,34
5132,47
5133,28
5134,40
5135,39
5136,38
5137,38
5138,39
5139,25
5140,40
5141,26
5142,34
5143,36
5144,37
5145,31
5146,36
5147,30
5148,30
5149,41
5150,44
5151,29
5152,41
5153,29
5154,31
5155,42
5156,32
5157,30
5158,28
5159,36
5160,37
5161,39
5162,37
5163,35
5164,41
5165,38
5166,32
5167,37
5168,38
5169,45
5170,35
5171,38
5172,36
5173,38
5174,35
5175,35
5176,45
5177,30
5178,47
5179,36
5180,38
5181,39
5182,39
5183,41
5184,34
5185,35
5186,40
5187,43
5188,38
5189,38
5190,30
5191,40
5192,48
5193,47
5194,33
5195,32
5196,36
5197,31
5198,35
5199,38
5200,42
5201,38
5202,40
5203,27
5204,49
5205,41
5206,44
5207,39
5208,29
5209,48
5210,41
5211,36
5212,29
5213,33
5214,35
5215,37
5216,35
5217,39
5218,33
5219,31
5220,30
5221,32
5222,35
5223,45
5224,41
5225,44
5226,29
5227,39
5228,32
5229,32
5230,39
5231,34
5232,34
5233,31
5234,38
5235,25
5236,28
5237,37
5238,48
5239,36
5240,36
5241,38
5242,37
5243,35
5244,34
5245,36
5246,41
5247,37
5248,31
5249,38
5250,44
5251,37
5252,39
5253,30
5254,35
5255,44
5256,35
5257,30
5258,36
5259,41
5260,41
5261,37
5262,41
5263,33
5264,37
5265,32
5266,43
5267,43
5268,37
5269,42
5270,35
5271,43
5272,31
5273,43
5274,53
5275,32
5276,37
5277,42
5278,43
5279,43
5280,33
5281,37
5282,32
5283,36
5284,29
5285,40
5286,37
5287,40
5288,35
5289,44
5290,35
5291,37
5292,32
5293,45
5294,39
5295,52
5296,37
5297,35
5298,36
5299,44
5300,47
5301,40
5302,38
5303,38
5304,47
5305,41
5306,37
5307,48
5308,40
5309,43
5310,26
5311,30
5312,46
5313,35
5314,41
5315,34
5316,42
5317,33
5318,43
5319,32
5320,24
5321,32
5322,46
5323,31
5324,31
5325,36
5326,38
5327,44
5328,36
5329,36
5330,41
5331,38
5332,49
5333,45
5334,28
5335,43
5336,55
5337,40
5338,47
5339,37
5340,48
5341,39
5342,43
5343,38
5344,33
5345,49
5346,43
5347,29
5348,53
5349,37
5350,41
5351,37
5352,36
5353,37
5354,33
5355,34
5356,37
5357,34
5358,46
5359,46
5360,30
5361,39
5362,30
5363,27
5364,33
5365,40
5366,29
5367,37
5368,26
5369,33
5370,31
5371,41
5372,43
5373,25
5374,37
5375,41
5376,37
5377,43
5378,39
5379,40
5380,49
5381,30
5382,38
5383,35
5384,31
5385,38
5386,36
5387,38
5388,37
5389,46
5390,38
5391,46
5392,34
5393,32
5394,47
5395,29
5396,47
5397,34
5398,47
5399,52
5400,36
5401,40
5402,49
5403,47
5404,30
5405,34
5406,44
5407,38
5408,33
5409,35
5410,34
5411,33
5412,38
5413,48
5414,40
5415,36
5416,45
5417,38
5418,43
5419,32
5420,32
5421,47
5422,51
5423,34
5424,42
5425,42
5426,41
5427,35
5428,40
5429,26
5430,34
5431,32
5432,42
5433,40
5434,40
5435,42
5436,33
5437,40
5438,48
5439,41
5440,38
5441,29
5442,42
5443,39
5444,38
5445,42
5446,31
5447,37
5448,34
5449,34
5450,37
5451,34
5452,35
5453,35
5454,42
5455,39
5456,39
5457,43
5458,37
5459,36
5460,33
5461,35
5462,43
5463,44
5464,40
5465,32
5466,52
5467,43
5468,36
5469,38
5470,35
5471,45
5472,32
5473,32
5474,33
5475,32
5476,41
5477,38
5478,31
5479,47
5480,51
5481,39
5482,40
5483,41
5484,38
5485,27
5486,38
5487,43
5488,29
5489,38
5490,33
5491,44
5492,35
5493,43
5494,34
5495,29
5496,37
5497,31
5498,38
5499,40
5500,36
5501,39
5502,44
5503,30
5504,34
5505,35
5506,41
5507,36
5508,42
5509,31
5510,36
5511,35
5512,36
5513,36
5514,33
5515,25
5516,51
5517,40
5518,30
5519,38
5520,44
5521,38
5522,37
5523,36
5524,36
5525,40
5526,31
5527,33
5528,36
5529,35
5530,49
5531,33
5532,31
5533,30
5534,40
5535,34
5536,39
5537,38
5538,43
5539,35
5540,41
5541,54
5542,39
5543,35
5544,30
5545,36
5546,37
5547,28
5548,42
5549,43
5550,33
5551,32
5552,33
5553,37
5554,30
5555,34
5556,37
5557,42
5558,29
5559,35
5560,38
5561,34
5562,41
5563,40
5564,41
5565,40
5566,37
5567,52
5568,32
5569,26
5570,37
5571,31
5572,36
5573,45
5574,34
5575,42
5576,24
5577,50
5578,37
5579,32
5580,38
5581,41
5582,42
5583,50
5584,32
5585,31
5586,38
5587,31
5588,37
5589,42
5590,34
5591,44
5592,46
5593,47
5594,45
5595,43
5596,35
5597,36
5598,35
5599,48
5600,31
5601,43
5602,33
5603,28
5604,38
5605,42
5606,35
5607,49
5608,38
5609,36
5610,39
5611,33
5612,35
5613,27
5614,40
5615,33
5616,34
5617,34
5618,40
5619,40
5620,38
5621,24
5622,35
5623,36
5624,40
5625,49
5626,43
5627,34
5628,31
5629,35
5630,33
5631,45
5632,36
5633,36
5634,32
5635,52
5636,31
5637,34
5638,41
5639,38
5640,46
5641,32
5642,27
5643,38
5644,28
5645,32
5646,28
5647,37
5648,25
5649,39
5650,29
5651,48
5652,31
5653,38
5654,41
5655,41
5656,40
5657,39
5658,45
5659,32
5660,45
5661,33
5662,38
5663,32
5664,35
5665,35
5666,46
5667,42
5668,42
5669,45
5670,43
5671,34
5672,39
5673,40
5674,38
5675,50
5676,40
5677,36
5678,41
5679,35
5680,32
5681,38
5682,33
5683,41
5684,35
5685,39
5686,36
5687,41
5688,33
5689,26
5690,25
5691,42
5692,32
5693,37
5694,28
5695,25
5696,47
5697,38
5698,29
5699,47
5700,38
5701,36
5702,37
5703,41
5704,30
5705,32
5706,40
5707,33
5708,31
5709,38
5710,44
5711,35
5712,33
5713,36
5714,40
5715,43
5716,36
5717,52
5718,43
5719,32
5720,39
5721,41
5722,41
5723,38
5724,27
5725,31
5726,44
5727,42
5728,33
5729,40
5730,32
5731,34
5732,44
5733,40
5734,33
5735,35
5736,47
5737,39
5738,35
5739,42
5740,38
5741,34
5742,27
5743,38
5744,42
5745,39
5746,39
5747,36
5748,40
5749,47
5750,43
5751,41
5752,34
5753,31
5754,36
5755,36
5756,43
5757,39
5758,36
5759,38
5760,27
5761,31
5762,33
5763,27
5764,27
5765,31
5766,45
5767,29
5768,37
5769,39
5770,41
5771,35
5772,41
5773,34
5774,37
5775,42
5776,30
5777,37
5778,34
5779,33
5780,38
5781,34
5782,48
5783,32
5784,28
5785,32
5786,36
5787,41
5788,45
5789,23
5790,40
5791,42
5792,35
5793,39
5794,31
5795,33
5796,39
5797,40
5798,39
5799,38
5800,45
5801,42
5802,37
5803,28
5804,34
5805,30
5806,33
5807,34
5808,48
5809,37
5810,29
5811,37
5812,29
5813,36
5814,46
5815,39
5816,39
5817,33
5818,46
5819,46
5820,32
5821,33
5822,35
5823,43
5824,30
5825,36
5826,40
5827,35
5828,38
5829,29
5830,30
5831,37
5832,36
5833,44
5834,41
5835,42
5836,31
5837,39
5838,32
5839,27
5840,38
5841,43
5842,35
5843,33
5844,41
5845,47
5846,35
5847,43
5848,36
5849,37
5850,39
5851,31
5852,42
5853,32
5854,34
5855,28
5856,38
5857,26
5858,42
5859,31
5860,34
5861,38
5862,38
5863,32
5864,26
5865,34
5866,40
5867,34
5868,39
5869,39
5870,30
5871,45
5872,32
5873,47
5874,40
5875,44
5876,32
5877,39
5878,35
5879,39
5880,30
5881,41
5882,36
5883,39
5884,34
5885,44
5886,41
5887,45
5888,35
5889,46
5890,33
5891,41
5892,45
5893,42
5894,42
5895,33
5896,36
5897,56
5898,36
5899,44
5900,31
5901,36
5902,39
5903,40
5904,50
5905,45
5906,30
5907,32
5908,37
5909,45
5910,31
5911,40
5912,31
5913,33
5914,32
5915,45
5916,50
5917,25
5918,34
5919,40
5920,32
5921,32
5922,39
5923,42
5924,33
5925,47
5926,35
5927,44
5928,38
5929,48
5930,48
5931,38
5932,23
5933,36
5934,30
5935,36
5936,36
5937,35
5938,41
5939,46
5940,42
5941,28
5942,35
5943,37
5944,35
5945,32
5946,25
5947,39
5948,36
5949,31
5950,31
5951,24
5952,45
5953,36
5954,41
5955,39
5956,41
5957,38
5958,45
5959,31
5960,43
5961,52
5962,32
5963,29
5964,48
5965,40
5966,40
5967,32
5968,33
5969,38
5970,22
5971,36
5972,42
5973,34
5974,37
5975,45
5976,40
5977,32
5978,36
5979,44
5980,35
5981,29
5982,39
5983,41
5984,24
5985,39
5986,45
5987,45
5988,28
5989,34
5990,38
5991,38
5992,46
5993,39
5994,28
5995,45
5996,40
5997,40
5998,32
5999,48
6000,41
6001,31
6002,31
6003,43
6004,40
6005,38
6006,37
6007,37
6008,38
6009,48
6010,45
6011,36
6012,28
6013,37
6014,38
6015,39
6016,37
6017,35
6018,34
6019,41
6020,34
6021,37
6022,40
6023,38
6024,41
6025,34
6026,36
6027,47
6028,46
6029,31
6030,44
6031,30
6032,27
6033,41
6034,28
6035,37
6036,44
6037,34
6038,54
6039,31
6040,33
6041,37
6042,35
6043,49
6044,29
6045,38
6046,40
6047,34
6048,39
6049,39
6050,37
6051,37
6052,35
6053,42
6054,41
6055,34
6056,41
6057,35
6058,44
6059,44
6060,46
6061,32
6062,36
6063,35
6064,36
6065,38
6066,37
6067,45
6068,38
6069,37
6070,38
6071,42
6072,41
6073,38
6074,35
6075,41
6076,39
6077,41
6078,43
6079,47
6080,32
6081,51
6082,44
6083,45
6084,34
6085,38
6086,29
6087,45
6088,36
6089,34
6090,42
6091,37
6092,39
6093,34
6094,37
6095,36
6096,44
6097,30
6098,36
6099,33
6100,39
6101,41
6102,33
6103,31
6104,34
6105,45
6106,43
6107,27
6108,31
6109,32
6110,41
6111,38
6112,39
6113,31
6114,40
6115,39
6116,40
6117,55
6118,40
6119,45
6120,32
6121,40
6122,45
6123,53
6124,37
6125,42
6126,33
6127,40
6128,41
6129,31
6130,31
6131,36
6132,39
6133,38
6134,39
6135,29
6136,43
6137,40
6138,32
6139,40
6140,32
6141,32
6142,42
6143,45
6144,41
6145,43
6146,27
6147,49
6148,35
6149,40
6150,43
6151,39
6152,38
6153,34
6154,46
6155,36
6156,49
6157,28
6158,51
6159,30
6160,35
6161,46
6162,34
6163,31
6164,38
6165,32
6166,33
6167,46
6168,47
6169,27
6170,38
6171,47
6172,26
6173,42
6174,39
6175,44
6176,33
6177,42
6178,40
6179,45
6180,27
6181,41
6182,30
6183,37
6184,36
6185,35
6186,42
6187,44
6188,31
6189,34
6190,35
6191,36
6192,34
6193,50
6194,43
6195,44
6196,31
6197,39
6198,38
6199,46
6200,44
6201,48
6202,36
6203,45
6204,36
6205,39
6206,25
6207,39
6208,46
6209,34
6210,38
6211,28
6212,30
6213,48
6214,36
6215,35
6216,32
6217,39
6218,42
6219,44
6220,23
6221,39
6222,39
6223,45
6224,29
6225,33
6226,37
6227,39
6228,44
6229,39
6230,29
6231,35
6232,38
6233,34
6234,28
6235,30
6236,44
6237,40
6238,41
6239,40
6240,33
6241,45
6242,39
6243,38
6244,25
6245,33
6246,36
6247,38
6248,41
6249,34
6250,41
6251,37
6252,29
6253,44
6254,36
6255,37
6256,35
6257,43
6258,32
6259,43
6260,37
6261,29
6262,28
6263,35
6264,36
6265,37
6266,34
6267,34
6268,37
6269,34
6270,41
6271,40
6272,46
6273,39
6274,28
6275,34
6276,36
6277,40
6278,43
6279,28
6280,51
6281,50
6282,39
6283,30
6284,29
6285,51
6286,30
6287,38
6288,36
6289,36
6290,23
6291,29
6292,44
6293,32
6294,33
6295,39
6296,36
6297,36
6298,28
6299,35
6300,30
6301,44
6302,34
6303,28
6304,39
6305,31
6306,32
6307,38
6308,39
6309,37
6310,42
6311,35
6312,43
6313,24
6314,46
6315,40
6316,45
6317,36
6318,41
6319,44
6320,34
6321,32
6322,44
6323,33
6324,37
6325,37
6326,56
6327,39
6328,28
6329,47
6330,33
6331,37
6332,33
6333,34
6334,40
6335,50
6336,37
6337,32
6338,32
6339,35
6340,35
6341,40
6342,34
6343,37
6344,37
6345,25
6346,37
6347,33
6348,33
6349,38
6350,21
6351,41
6352,40
6353,43
6354,29
6355,31
6356,37
6357,40
6358,37
6359,39
6360,29
6361,33
6362,30
6363,36
6364,38
6365,37
6366,36
6367,31
6368,28
6369,33
6370,33
6371,50
6372,40
6373,32
6374,30
6375,27
6376,37
6377,41
6378,24
6379,31
6380,36
6381,35
6382,28
6383,42
6384,39
6385,38
6386,43
6387,41
6388,34
6389,40
6390,41
6391,42
6392,36
6393,38
6394,32
6395,34
6396,25
6397,48
6398,39
6399,35
6400,34
6401,43
6402,37
6403,41
6404,37
6405,34
6406,30
6407,36
6408,37
6409,40
6410,41
6411,44
6412,35
6413,35
6414,38
6415,40
6416,26
6417,35
6418,36
6419,35
6420,33
6421,37
6422,35
6423,35
6424,33
6425,42
6426,27
6427,36
6428,45
6429,34
6430,34
6431,46
6432,34
6433,49
6434,43
6435,37
6436,34
6437,33
6438,37
6439,38
6440,38
6441,34
6442,31
6443,31
6444,27
6445,35
6446,30
6447,34
6448,36
6449,36
6450,40
6451,41
6452,31
6453,36
6454,38
6455,35
6456,41
6457,43
6458,46
6459,42
6460,34
6461,44
6462,27
6463,25
6464,58
6465,34
6466,41
6467,37
6468,30
6469,38
6470,33
6471,44
6472,35
6473,43
6474,40
6475,26
6476,38
6477,28
6478,29
6479,42
6480,38
6481,40
6482,39
6483,28
6484,40
6485,42
6486,30
6487,33
6488,45
6489,41
6490,36
6491,47
6492,39
6493,40
6494,47
6495,42
6496,38
6497,34
6498,35
6499,32
6500,34
6501,44
6502,37
6503,34
6504,40
6505,35
6506,36
6507,28
6508,43
6509,35
6510,29
6511,32
6512,40
6513,40
6514,33
6515,38
6516,49
6517,27
6518,40
6519,42
6520,34
6521,31
6522,35
6523,36
6524,36
6525,37
6526,32
6527,42
6528,30
6529,39
6530,44
6531,36
6532,38
6533,36
6534,41
6535,37
6536,43
6537,35
6538,39
6539,39
6540,35
6541,44
6542,37
6543,40
6544,44
6545,37
6546,39
6547,46
6548,38
6549,45
6550,24
6551,29
6552,39
6553,38
6554,54
6555,37
6556,29
6557,36
6558,34
6559,35
6560,33
6561,35
6562,32
6563,36
6564,40
6565,43
6566,44
6567,37
6568,32
6569,37
6570,26
6571,33
6572,35
6573,25
6574,42
6575,35
6576,43
6577,37
6578,42
6579,32
6580,36
6581,37
6582,31
6583,37
6584,47
6585,44
6586,41
6587,42
6588,42
6589,41
6590,32
6591,33
6592,48
6593,36
6594,42
6595,40
6596,42
6597,43
6598,36
6599,29
6600,32
6601,33
6602,39
6603,36
6604,30
6605,35
6606,32
6607,48
6608,34
6609,22
6610,36
6611,31
6612,35
6613,33
6614,40
6615,35
6616,40
6617,37
6618,32
6619,38
6620,37
6621,37
6622,45
6623,33
6624,38
6625,41
6626,43
6627,40
6628,37
6629,29
6630,43
6631,28
6632,45
6633,41
6634,37
6635,39
6636,33
6637,38
6638,40
6639,33
6640,37
6641,39
6642,36
6643,40
6644,41
6645,32
6646,36
6647,29
6648,41
6649,39
6650,30
6651,35
6652,39
6653,33
6654,36
6655,37
6656,57
6657,33
6658,36
6659,31
6660,36
6661,44
6662,42
6663,42
6664,30
6665,40
6666,46
6667,32
6668,37
6669,41
6670,39
6671,38
6672,36
6673,30
6674,29
6675,43
6676,43
6677,36
6678,36
6679,52
6680,31
6681,31
6682,35
6683,37
6684,41
6685,40
6686,45
6687,47
6688,27
6689,50
6690,41
6691,43
6692,40
6693,42
6694,46
6695,40
6696,31
6697,49
6698,32
6699,28
6700,41
6701,29
6702,34
6703,42
6704,41
6705,33
6706,34
6707,31
6708,35
6709,46
6710,41
6711,31
6712,37
6713,34
6714,30
6715,38
6716,33
6717,35
6718,46
6719,28
6720,40
6721,42
6722,42
6723,34
6724,39
6725,35
6726,31
6727,33
6728,27
6729,37
6730,31
6731,37
6732,33
6733,39
6734,31
6735,52
6736,46
6737,19
6738,24
6739,42
6740,36
6741,40
6742,43
6743,28
6744,29
6745,38
6746,28
6747,44
6748,34
6749,31
6750,42
6751,34
6752,33
6753,37
6754,35
6755,34
6756,32
6757,34
6758,43
6759,33
6760,36
6761,31
6762,30
6763,36
6764,40
6765,46
6766,44
6767,29
6768,27
6769,28
6770,33
6771,34
6772,38
6773,30
6774,46
6775,32
6776,45
6777,40
6778,46
6779,32
6780,34
6781,30
6782,32
6783,38
6784,32
6785,36
6786,42
6787,35
6788,34
6789,38
6790,30
6791,43
6792,34
6793,33
6794,45
6795,35
6796,37
6797,47
6798,36
6799,45
6800,37
6801,34
6802,49
6803,29
6804,40
6805,43
6806,43
6807,35
6808,44
6809,35
6810,31
6811,37
6812,35
6813,28
6814,44
6815,33
6816,35
6817,44
6818,32
6819,49
6820,35
6821,40
6822,33
6823,34
6824,35
6825,31
6826,42
6827,34
6828,33
6829,31
6830,30
6831,30
6832,35
6833,30
6834,36
6835,28
6836,31
6837,22
6838,33
6839,36
6840,29
6841,42
6842,43
6843,27
6844,39
6845,40
6846,33
6847,43
6848,33
6849,38
6850,38
6851,38
6852,34
6853,35
6854,43
6855,40
6856,40
6857,36
6858,37
6859,36
6860,40
6861,26
6862,32
6863,26
6864,32
6865,38
6866,38
6867,30
6868,33
6869,23
6870,45
6871,45
6872,42
6873,46
6874,50
6875,28
6876,29
6877,35
6878,27
6879,36
6880,34
6881,45
6882,43
6883,36
6884,45
6885,36
6886,45
6887,30
6888,32
6889,43
6890,43
6891,40
6892,42
6893,37
6894,36
6895,41
6896,44
6897,39
6898,31
6899,38
6900,30
6901,45
6902,37
6903,33
6904,36
6905,45
6906,45
6907,31
6908,35
6909,38
6910,30
6911,50
6912,43
6913,32
6914,42
6915,39
6916,40
6917,43
6918,43
6919,40
6920,25
6921,36
6922,37
6923,35
6924,28
6925,28
6926,40
6927,42
6928,39
6929,47
6930,39
6931,33
6932,43
6933,41
6934,38
6935,40
6936,46
6937,39
6938,44
6939,36
6940,35
6941,48
6942,45
6943,44
6944,36
6945,44
6946,35
6947,39
6948,38
6949,36
6950,26
6951,42
6952,44
6953,32
6954,42
6955,41
6956,38
6957,44
6958,38
6959,34
6960,40
6961,44
6962,39
6963,37
6964,36
6965,34
6966,31
6967,34
6968,39
6969,40
6970,34
6971,42
6972,35
6973,43
6974,43
6975,39
6976,37
6977,37
6978,33
6979,34
6980,39
6981,38
6982,43
6983,36
6984,39
6985,47
6986,38
6987,33
6988,33
6989,45
6990,44
6991,49
6992,31
6993,45
6994,34
6995,31
6996,35
6997,37
6998,40
6999,38
7000,36
7001,47
7002,31
7003,31
7004,32
7005,41
7006,44
7007,31
7008,45
7009,43
7010,36
7011,32
7012,43
7013,34
7014,30
7015,44
7016,37
7017,35
7018,42
7019,33
7020,31
7021,35
7022,39
7023,40
7024,38
7025,40
7026,38
7027,50
7028,34
7029,33
7030,35
7031,32
7032,42
7033,42
7034,36
7035,29
7036,47
7037,40
7038,39
7039,41
7040,23
7041,43
7042,35
7043,39
7044,38
7045,33
7046,27
7047,38
7048,35
7049,39
7050,37
7051,42
7052,37
7053,32
7054,42
7055,35
7056,35
7057,37
7058,30
7059,24
7060,39
7061,35
7062,42
7063,37
7064,42
7065,42
7066,42
7067,32
7068,37
7069,37
7070,36
7071,41
7072,38
7073,36
7074,29
7075,37
7076,31
7077,37
7078,36
7079,36
7080,38
7081,37
7082,38
7083,31
7084,39
7085,34
7086,37
7087,38
7088,34
7089,33
7090,36
7091,40
7092,47
7093,36
7094,41
7095,38
7096,27
7097,33
7098,29
7099,41
7100,40
7101,37
7102,40
7103,36
7104,30
7105,31
7106,33
7107,39
7108,37
7109,28
7110,36
7111,41
7112,35
7113,35
7114,30
7115,31
7116,38
7117,33
7118,40
7119,35
7120,39
7121,37
7122,37
7123,49
7124,32
7125,43
7126,35
7127,47
7128,53
7129,36
7130,41
7131,38
7132,34
7133,35
7134,47
7135,44
7136,35
7137,31
7138,34
7139,38
7140,39
7141,34
7142,31
7143,44
7144,43
7145,40
7146,36
7147,39
7148,43
7149,28
7150,41
7151,24
7152,39
7153,32
7154,30
7155,36
7156,29
7157,33
7158,33
7159,34
7160,42
7161,41
7162,34
7163,33
7164,41
7165,27
7166,30
7167,38
7168,39
7169,31
7170,44
7171,36
7172,42
7173,37
7174,33
7175,34
7176,48
7177,41
7178,40
7179,36
7180,36
7181,35
7182,40
7183,38
7184,44
7185,39
7186,40
7187,40
7188,52
7189,34
7190,40
7191,36
7192,42
7193,41
7194,35
7195,29
7196,45
7197,36
7198,37
7199,39
7200,34
7201,38
7202,36
7203,37
7204,41
7205,37
7206,41
7207,35
7208,45
7209,39
7210,36
7211,39
7212,40
7213,31
7214,47
7215,36
7216,30
7217,37
7218,45
7219,31
7220,42
7221,41
7222,41
7223,30
7224,32
7225,35
7226,31
7227,47
7228,38
7229,36
7230,39
7231,35
7232,35
7233,31
7234,46
7235,40
7236,34
7237,47
7238,41
7239,35
7240,40
7241,36
7242,32
7243,41
7244,43
7245,44
7246,33
7247,36
7248,33
7249,41
7250,43
7251,35
7252,33
7253,34
7254,43
7255,48
7256,27
7257,37
7258,36
7259,34
7260,35
7261,47
7262,37
7263,31
7264,47
7265,31
7266,27
7267,38
7268,32
7269,31
7270,41
7271,30
7272,34
7273,39
7274,33
7275,41
7276,39
7277,36
7278,40
7279,33
7280,32
7281,43
7282,44
7283,42
7284,36
7285,36
7286,36
7287,35
7288,47
7289,32
7290,39
7291,38
7292,28
7293,53
7294,32
7295,37
7296,36
7297,35
7298,38
7299,40
7300,41
7301,33
7302,44
7303,37
7304,36
7305,43
7306,41
7307,31
7308,38
7309,47
7310,40
7311,37
7312,32
7313,50
7314,41
7315,30
7316,33
7317,48
7318,25
7319,30
7320,40
7321,40
7322,44
7323,36
7324,33
7325,32
7326,36
7327,43
7328,39
7329,40
7330,33
7331,38
7332,37
7333,34
7334,32
7335,29
7336,40
7337,47
7338,44
7339,39
7340,31
7341,38
7342,45
7343,36
7344,39
7345,41
7346,32
7347,39
7348,34
7349,47
7350,36
7351,41
7352,33
7353,29
7354,39
7355,40
7356,30
7357,41
7358,46
7359,39
7360,30
7361,32
7362,44
7363,39
7364,34
7365,33
7366,30
7367,33
7368,35
7369,43
7370,42
7371,39
7372,36
7373,42
7374,37
7375,32
7376,32
7377,37
7378,50
7379,30
7380,40
7381,30
7382,37
7383,32
7384,37
7385,45
7386,41
7387,32
7388,41
7389,37
7390,53
7391,36
7392,34
7393,38
7394,36
7395,40
7396,29
7397,28
7398,37
7399,35
7400,38
7401,35
7402,21
7403,33
7404,38
7405,41
7406,36
7407,33
7408,39
7409,26
7410,32
7411,32
7412,39
7413,32
7414,35
7415,35
7416,34
7417,30
7418,37
7419,51
7420,37
7421,40
7422,41
7423,32
7424,45
7425,23
7426,38
7427,35
7428,36
7429,30
7430,36
7431,38
7432,28
7433,35
7434,43
7435,28
7436,35
7437,38
7438,29
7439,31
7440,36
7441,42
7442,34
7443,32
7444,31
7445,41
7446,45
7447,31
7448,47
7449,39
7450,41
7451,40
7452,44
7453,41
7454,34
7455,31
7456,36
7457,42
7458,31
7459,37
7460,44
7461,40
7462,37
7463,23
7464,39
7465,43
7466,38
7467,39
7468,31
7469,34
7470,30
7471,40
7472,38
7473,40
7474,39
7475,37
7476,37
7477,36
7478,47
7479,31
7480,43
7481,28
7482,42
7483,43
7484,32
7485,32
7486,36
7487,41
7488,32
7489,38
7490,44
7491,40
7492,32
7493,38
7494,44
7495,42
7496,37
7497,38
7498,29
7499,45
7500,49
7501,38
7502,42
7503,38
7504,31
7505,35
7506,34
7507,38
7508,33
7509,42
7510,34
7511,36
7512,39
7513,30
7514,37
7515,29
7516,38
7517,33
7518,29
7519,40
7520,35
7521,36
7522,37
7523,36
7524,30
7525,38
7526,40
7527,48
7528,37
7529,39
7530,58
7531,50
7532,41
7533,38
7534,35
7535,41
7536,44
7537,42
7538,39
7539,40
7540,46
7541,46
7542,39
7543,35
7544,30
7545,52
7546,44
7547,37
7548,28
7549,26
7550,36
7551,41
7552,34
7553,41
7554,34
7555,42
7556,36
7557,39
7558,41
7559,33
7560,31
7561,32
7562,43
7563,46
7564,28
7565,44
7566,36
7567,46
7568,41
7569,51
7570,35
7571,33
7572,39
7573,33
7574,54
7575,25
7576,48
7577,27
7578,34
7579,28
7580,27
7581,33
7582,31
7583,26
7584,33
7585,42
7586,40
7587,31
7588,32
7589,43
7590,34
7591,37
7592,39
7593,31
7594,35
7595,27
7596,33
7597,34
7598,30
7599,46
7600,38
7601,44
7602,31
7603,39
7604,40
7605,36
7606,34
7607,44
7608,37
7609,38
7610,35
7611,27
7612,37
7613,38
7614,38
7615,42
7616,48
7617,42
7618,31
7619,45
7620,39
7621,27
7622,32
7623,33
7624,40
7625,39
7626,41
7627,40
7628,38
7629,47
7630,33
7631,49
7632,37
7633,34
7634,44
7635,37
7636,27
7637,33
7638,44
7639,37
7640,34
7641,33
7642,30
7643,24
7644,32
7645,34
7646,35
7647,34
7648,32
7649,46
7650,41
7651,41
7652,32
7653,42
7654,32
7655,42
7656,37
7657,38
7658,32
7659,42
7660,32
7661,38
7662,48
7663,44
7664,42
7665,35
7666,30
7667,40
7668,36
7669,40
7670,49
7671,46
7672,33
7673,45
7674,48
7675,29
7676,33
7677,40
7678,34
7679,43
7680,32
7681,37
7682,27
7683,44
7684,35
7685,33
7686,42
7687,35
7688,44
7689,33
7690,29
7691,40
7692,41
7693,42
7694,34
7695,41
7696,46
7697,29
7698,50
7699,38
7700,38
7701,34
7702,37
7703,41
7704,45
7705,38
7706,38
7707,32
7708,42
7709,41
7710,26
7711,39
7712,45
7713,45
7714,37
7715,44
7716,41
7717,29
7718,35
7719,43
7720,38
7721,43
7722,33
7723,31
7724,34
7725,39
7726,24
7727,38
7728,32
7729,40
7730,44
7731,37
7732,54
7733,29
7734,42
7735,42
7736,35
7737,40
7738,28
7739,52
7740,41
7741,40
7742,32
7743,39
7744,43
7745,47
7746,38
7747,38
7748,35
7749,32
7750,35
7751,36
7752,31
7753,48
7754,42
7755,30
7756,35
7757,35
7758,38
7759,29
7760,27
7761,49
7762,39
7763,41
7764,38
7765,34
7766,44
7767,33
7768,37
7769,34
7770,39
7771,36
7772,44
7773,42
7774,35
7775,33
7776,38
7777,33
7778,43
7779,39
7780,45
7781,41
7782,35
7783,41
7784,40
7785,36
7786,39
7787,35
7788,29
7789,31
7790,45
7791,32
7792,33
7793,38
7794,35
7795,40
7796,37
7797,29
7798,37
7799,35
7800,42
7801,41
7802,41
7803,37
7804,37
7805,29
7806,38
7807,42
7808,47
7809,30
7810,34
7811,43
7812,55
7813,26
7814,44
7815,30
7816,39
7817,34
7818,37
7819,37
7820,34
7821,37
7822,37
7823,39
7824,33
7825,36
7826,42
7827,28
7828,33
7829,37
7830,34
7831,36
7832,49
7833,35
7834,37
7835,34
7836,38
7837,39
7838,44
7839,35
7840,34
7841,33
7842,42
7843,34
7844,40
7845,32
7846,28
7847,49
7848,35
7849,43
7850,40
7851,40
7852,47
7853,42
7854,42
7855,36
7856,27
7857,33
7858,35
7859,22
7860,22
7861,32
7862,32
7863,35
7864,28
7865,37
7866,39
7867,38
7868,26
7869,35
7870,39
7871,39
7872,39
7873,31
7874,33
7875,43
7876,37
7877,42
7878,40
7879,39
7880,33
7881,42
7882,30
7883,38
7884,32
7885,37
7886,29
7887,33
7888,39
7889,35
7890,30
7891,29
7892,42
7893,43
7894,34
7895,46
7896,35
7897,34
7898,29
7899,34
7900,34
7901,42
7902,38
7903,37
7904,35
7905,35
7906,31
7907,20
7908,37
7909,30
7910,38
7911,34
7912,33
7913,38
7914,42
7915,49
7916,38
7917,42
7918,38
7919,34
7920,38
7921,45
7922,30
7923,32
7924,47
7925,40
7926,39
7927,36
7928,47
7929,30
7930,20
7931,32
7932,39
7933,36
7934,40
7935,28
7936,37
7937,41
7938,35
7939,42
7940,41
7941,48
7942,36
7943,45
7944,33
7945,43
7946,38
7947,36
7948,40
7949,34
7950,51
7951,44
7952,43
7953,40
7954,46
7955,45
7956,31
7957,34
7958,37
7959,26
7960,38
7961,38
7962,49
7963,35
7964,33
7965,50
7966,31
7967,34
7968,44
7969,41
7970,34
7971,41
7972,37
7973,44
7974,46
7975,44
7976,29
7977,41
7978,39
7979,45
7980,41
7981,42
7982,38
7983,50
7984,33
7985,32
7986,33
7987,31
7988,43
7989,36
7990,36
7991,39
7992,37
7993,32
7994,26
7995,35
7996,36
7997,39
7998,53
7999,47
8000,34
8001,34
8002,32
8003,42
8004,40
8005,43
8006,50
8007,34
8008,36
8009,34
8010,31
8011,48
8012,31
8013,27
8014,39
8015,51
8016,42
8017,31
8018,39
8019,39
8020,29
8021,37
8022,42
8023,34
8024,47
8025,34
8026,41
8027,35
8028,40
8029,37
8030,35
8031,37
8032,30
8033,35
8034,38
8035,39
8036,42
8037,42
8038,30
8039,47
8040,48
8041,35
8042,33
8043,50
8044,22
8045,37
8046,28
8047,31
8048,40
8049,29
8050,36
8051,37
8052,29
8053,43
8054,41
8055,42
8056,40
8057,34
8058,37
8059,35
8060,38
8061,49
8062,28
8063,37
8064,30
8065,45
8066,31
8067,32
8068,36
8069,37
8070,34
8071,22
8072,40
8073,26
8074,29
8075,36
8076,47
8077,49
8078,48
8079,46
8080,40
8081,39
8082,41
8083,36
8084,31
8085,26
8086,26
8087,37
8088,36
8089,53
8090,41
8091,38
8092,36
8093,39
8094,39
8095,32
8096,34
8097,44
8098,36
8099,31
8100,45
8101,42
8102,25
8103,36
8104,40
8105,35
8106,33
8107,44
8108,40
8109,29
8110,24
8111,40
8112,43
8113,38
8114,37
8115,34
8116,39
8117,45
8118,32
8119,28
8120,35
8121,43
8122,31
8123,43
8124,34
8125,49
8126,32
8127,39
8128,45
8129,36
8130,34
8131,32
8132,44
8133,36
8134,36
8135,36
8136,38
8137,37
8138,30
8139,41
8140,43
8141,43
8142,43
8143,52
8144,30
8145,40
8146,37
8147,47
8148,33
8149,33
8150,49
8151,25
8152,32
8153,43
8154,38
8155,32
8156,28
8157,38
8158,27
8159,35
8160,35
8161,42
8162,28
8163,37
8164,42
8165,28
8166,43
8167,48
8168,31
8169,42
8170,33
8171,35
8172,38
8173,36
8174,39
8175,42
8176,34
8177,35
8178,41
8179,43
8180,43
8181,33
8182,43
8183,53
8184,30
8185,41
8186,40
8187,37
8188,22
8189,35
8190,39
8191,26
8192,47
8193,28
8194,45
8195,37
8196,41
8197,32
8198,31
8199,26
8200,43
8201,38
8202,37
8203,40
8204,39
8205,28
8206,33
8207,41
8208,43
8209,34
8210,43
8211,40
8212,45
8213,37
8214,30
8215,41
8216,40
8217,30
8218,39
8219,34
8220,39
8221,28
8222,32
8223,48
8224,41
8225,32
8226,38
8227,32
8228,27
8229,36
8230,47
8231,31
8232,40
8233,37
8234,29
8235,28
8236,23
8237,43
8238,36
8239,44
8240,44
8241,24
8242,40
8243,34
8244,34
8245,38
8246,36
8247,28
8248,43
8249,47
8250,33
8251,25
8252,42
8253,32
8254,41
8255,40
8256,36
8257,40
8258,36
8259,46
8260,40
8261,38
8262,45
8263,31
8264,42
8265,35
8266,34
8267,37
8268,30
8269,33
8270,42
8271,50
8272,28
8273,37
8274,40
8275,35
8276,43
8277,46
8278,36
8279,39
8280,44
8281,37
8282,32
8283,34
8284,37
8285,43
8286,35
8287,44
8288,41
8289,35
8290,32
8291,47
8292,37
8293,26
8294,35
8295,30
8296,46
8297,40
8298,37
8299,34
8300,37
8301,29
8302,35
8303,34
8304,33
8305,27
8306,49
8307,47
8308,32
8309,40
8310,33
8311,36
8312,34
8313,34
8314,40
8315,40
8316,40
8317,53
8318,38
8319,33
8320,36
8321,35
8322,29
8323,37
8324,32
8325,32
8326,42
8327,42
8328,32
8329,32
8330,37
8331,31
8332,38
8333,27
8334,41
8335,36
8336,39
8337,42
8338,28
8339,27
8340,37
8341,30
8342,27
8343,36
8344,27
8345,48
8346,45
8347,38
8348,45
8349,40
8350,34
8351,33
8352,33
8353,38
8354,40
8355,45
8356,36
8357,33
8358,28
8359,40
8360,44
8361,43
8362,40
8363,39
8364,27
8365,36
8366,25
8367,33
8368,31
8369,51
8370,38
8371,30
8372,33
8373,41
8374,31
8375,42
8376,31
8377,43
8378,30
8379,29
8380,44
8381,35
8382,41
8383,37
8384,36
8385,45
8386,32
8387,46
8388,32
8389,49
8390,41
8391,38
8392,36
8393,47
8394,51
8395,35
8396,38
8397,37
8398,38
8399,44
8400,39
8401,34
8402,54
8403,25
8404,32
8405,40
8406,33
8407,39
8408,34
8409,36
8410,41
8411,26
8412,43
8413,42
8414,40
8415,37
8416,39
8417,34
8418,43
8419,46
8420,40
8421,39
8422,46
8423,33
8424,35
8425,32
8426,33
8427,43
8428,45
8429,30
8430,41
8431,36
8432,43
8433,40
8434,40
8435,39
8436,33
8437,45
8438,43
8439,46
8440,29
8441,34
8442,33
8443,30
8444,37
8445,34
8446,44
8447,34
8448,40
8449,37
8450,43
8451,40
8452,34
8453,33
8454,34
8455,37
8456,24
8457,37
8458,45
8459,29
8460,34
8461,35
8462,35
8463,32
8464,44
8465,43
8466,37
8467,49
8468,33
8469,30
8470,36
8471,33
8472,42
8473,42
8474,35
8475,30
8476,41
8477,43
8478,31
8479,37
8480,33
8481,31
8482,28
8483,28
8484,29
8485,38
8486,40
8487,37
8488,41
8489,39
8490,42
8491,39
8492,41
8493,41
8494,38
8495,41
8496,42
8497,47
8498,22
8499,30
8500,32
8501,39
8502,34
8503,28
8504,43
8505,49
8506,36
8507,43
8508,32
8509,41
8510,43
8511,29
8512,29
8513,38
8514,38
8515,37
8516,45
8517,32
8518,35
8519,44
8520,38
8521,26
8522,38
8523,45
8524,34
8525,33
8526,30
8527,41
8528,27
8529,31
8530,39
8531,33
8532,39
8533,41
8534,38
8535,40
8536,45
8537,48
8538,32
8539,36
8540,33
8541,41
8542,24
8543,33
8544,36
8545,46
8546,30
8547,31
8548,43
8549,40
8550,42
8551,37
8552,33
8553,36
8554,31
8555,35
8556,42
8557,37
8558,36
8559,40
8560,31
8561,30
8562,35
8563,31
8564,32
8565,35
8566,32
8567,34
8568,35
8569,38
8570,35
8571,33
8572,35
8573,38
8574,39
8575,39
8576,43
8577,44
8578,35
8579,40
8580,33
8581,48
8582,29
8583,31
8584,44
8585,32
8586,35
8587,42
8588,39
8589,41
8590,33
8591,45
8592,43
8593,41
8594,36
8595,44
8596,39
8597,32
8598,38
8599,39
8600,53
8601,44
8602,35
8603,32
8604,36
8605,35
8606,29
8607,38
8608,36
8609,37
8610,37
8611,36
8612,47
8613,34
8614,45
8615,49
8616,37
8617,49
8618,38
8619,39
8620,33
8621,32
8622,35
8623,42
8624,33
8625,32
8626,39
8627,37
8628,45
8629,33
8630,33
8631,37
8632,31
8633,33
8634,43
8635,35
8636,37
8637,42
8638,42
8639,34
8640,29
8641,30
8642,40
8643,41
8644,52
8645,43
8646,33
8647,32
8648,44
8649,41
8650,33
8651,35
8652,32
8653,39
8654,37
8655,36
8656,35
8657,38
8658,48
8659,38
8660,33
8661,30
8662,38
8663,41
8664,28
8665,45
8666,34
8667,41
8668,41
8669,33
8670,36
8671,32
8672,24
8673,34
8674,30
8675,35
8676,43
8677,35
8678,39
8679,31
8680,43
8681,47
8682,33
8683,36
8684,29
8685,33
8686,36
8687,30
8688,38
8689,37
8690,25
8691,48
8692,27
8693,43
8694,26
8695,41
8696,29
8697,41
8698,37
8699,38
8700,31
8701,36
8702,34
8703,32
8704,30
8705,32
8706,39
8707,31
8708,41
8709,41
8710,36
8711,36
8712,35
8713,27
8714,34
8715,38
8716,40
8717,32
8718,41
8719,41
8720,32
8721,36
8722,34
8723,32
8724,40
8725,33
8726,33
8727,37
8728,37
8729,43
8730,32
8731,48
8732,33
8733,39
8734,29
8735,41
8736,35
8737,27
8738,45
8739,32
8740,44
8741,52
8742,32
8743,43
8744,38
8745,42
8746,35
8747,40
8748,45
8749,36
8750,41
8751,45
8752,41
8753,28
8754,26
8755,36
8756,31
8757,41
8758,35
8759,41
8760,40
8761,35
8762,33
8763,38
8764,46
8765,37
8766,34
8767,33
8768,35
8769,26
8770,37
8771,36
8772,31
8773,45
8774,42
8775,31
8776,30
8777,40
8778,48
8779,35
8780,34
8781,28
8782,41
8783,33
8784,42
8785,36
8786,29
8787,42
8788,50
8789,28
8790,36
8791,29
8792,28
8793,29
8794,38
8795,35
8796,37
8797,36
8798,43
8799,42
8800,41
8801,29
8802,37
8803,41
8804,32
8805,39
8806,37
8807,33
8808,38
8809,50
8810,42
8811,48
8812,32
8813,26
8814,36
8815,40
8816,38
8817,32
8818,30
8819,29
8820,42
8821,30
8822,42
8823,37
8824,39
8825,31
8826,29
8827,40
8828,35
8829,26
8830,33
8831,33
8832,37
8833,40
8834,53
8835,35
8836,31
8837,35
8838,38
8839,37
8840,37
8841,42
8842,46
8843,37
8844,39
8845,33
8846,48
8847,27
8848,39
8849,34
8850,47
8851,32
8852,36
8853,36
8854,31
8855,41
8856,28
8857,40
8858,39
8859,36
8860,28
8861,35
8862,28
8863,29
8864,36
8865,37
8866,34
8867,33
8868,47
8869,19
8870,40
8871,38
8872,38
8873,49
8874,37
8875,43
8876,36
8877,43
8878,42
8879,34
8880,32
8881,46
8882,42
8883,42
8884,34
8885,39
8886,39
8887,33
8888,40
8889,29
8890,39
8891,35
8892,36
8893,37
8894,31
8895,32
8896,30
8897,42
8898,41
8899,31
8900,35
8901,43
8902,38
8903,32
8904,33
8905,35
8906,46
8907,42
8908,44
8909,29
8910,45
8911,35
8912,34
8913,35
8914,31
8915,30
8916,37
8917,48
8918,34
8919,46
8920,32
8921,31
8922,40
8923,28
8924,51
8925,34
8926,37
8927,29
8928,41
8929,36
8930,35
8931,43
8932,35
8933,39
8934,45
8935,38
8936,47
8937,35
8938,36
8939,44
8940,41
8941,24
8942,34
8943,41
8944,37
8945,36
8946,29
8947,41
8948,44
8949,48
8950,40
8951,43
8952,40
8953,39
8954,32
8955,35
8956,37
8957,36
8958,43
8959,36
8960,44
8961,34
8962,47
8963,34
8964,35
8965,39
8966,42
8967,36
8968,34
8969,27
8970,28
8971,30
8972,42
8973,37
8974,38
8975,45
8976,31
8977,47
8978,38
8979,38
8980,36
8981,38
8982,39
8983,38
8984,38
8985,39
8986,32
8987,37
8988,37
8989,48
8990,42
8991,37
8992,39
8993,34
8994,43
8995,34
8996,44
8997,44
8998,37
8999,45
9000,34
9001,35
9002,42
9003,34
9004,38
9005,32
9006,43
9007,35
9008,30
9009,34
9010,25
9011,55
9012,37
9013,34
9014,41
9015,23
9016,34
9017,35
9018,30
9019,45
9020,29
9021,38
9022,50
9023,35
9024,42
9025,31
9026,35
9027,35
9028,46
9029,39
9030,32
9031,34
9032,31
9033,33
9034,56
9035,30
9036,31
9037,28
9038,36
9039,43
9040,28
9041,40
9042,31
9043,39
9044,42
9045,26
9046,41
9047,37
9048,36
9049,43
9050,39
9051,35
9052,34
9053,38
9054,36
9055,34
9056,36
9057,47
9058,38
9059,38
9060,43
9061,38
9062,34
9063,37
9064,38
9065,43
9066,41
9067,40
9068,31
9069,31
9070,32
9071,37
9072,42
9073,38
9074,37
9075,31
9076,37
9077,45
9078,40
9079,45
9080,30
9081,59
9082,50
9083,35
9084,45
9085,38
9086,32
9087,37
9088,37
9089,37
9090,40
9091,37
9092,46
9093,50
9094,33
9095,47
9096,28
9097,37
9098,36
9099,33
9100,28
9101,33
9102,37
9103,36
9104,38
9105,39
9106,37
9107,39
9108,29
9109,38
9110,37
9111,40
9112,29
9113,35
9114,33
9115,37
9116,38
9117,38
9118,33
9119,39
9120,43
9121,33
9122,35
9123,37
9124,32
9125,34
9126,39
9127,36
9128,31
9129,34
9130,34
9131,37
9132,38
9133,40
9134,32
9135,43
9136,37
9137,52
9138,32
9139,25
9140,45
9141,34
9142,27
9143,33
9144,39
9145,30
9146,27
9147,36
9148,31
9149,31
9150,46
9151,33
9152,30
9153,39
9154,48
9155,40
9156,38
9157,38
9158,31
9159,50
9160,40
9161,35
9162,39
9163,36
9164,27
9165,30
9166,45
9167,34
9168,40
9169,45
9170,33
9171,32
9172,47
9173,39
9174,42
9175,32
9176,30
9177,34
9178,32
9179,41
9180,30
9181,36
9182,36
9183,43
9184,44
9185,38
9186,28
9187,37
9188,38
9189,44
9190,40
9191,45
9192,45
9193,38
9194,45
9195,32
9196,30
9197,39
9198,44
9199,23
9200,33
9201,33
9202,35
9203,35
9204,30
9205,56
9206,37
9207,35
9208,47
9209,45
9210,33
9211,32
9212,34
9213,29
9214,30
9215,37
9216,40
9217,42
9218,34
9219,43
9220,30
9221,39
9222,31
9223,41
9224,37
9225,41
9226,34
9227,34
9228,36
9229,28
9230,39
9231,40
9232,40
9233,31
9234,32
9235,43
9236,27
9237,42
9238,36
9239,26
9240,34
9241,38
9242,40
9243,24
9244,41
9245,31
9246,29
9247,31
9248,35
9249,34
9250,34
9251,43
9252,31
9253,36
9254,40
9255,40
9256,34
9257,37
9258,39
9259,55
9260,26
9261,35
9262,38
9263,40
9264,31
9265,38
9266,28
9267,39
9268,36
9269,44
9270,32
9271,36
9272,37
9273,43
9274,37
9275,38
9276,29
9277,40
9278,39
9279,34
9280,46
9281,31
9282,35
9283,37
9284,37
9285,37
9286,24
9287,36
9288,45
9289,35
9290,29
9291,29
9292,40
9293,41
9294,44
9295,29
9296,35
9297,32
9298,39
9299,39
9300,39
9301,39
9302,30
9303,45
9304,36
9305,47
9306,32
9307,29
9308,35
9309,36
9310,46
9311,30
9312,44
9313,38
9314,43
9315,45
9316,29
9317,26
9318,31
9319,53
9320,35
9321,41
9322,38
9323,43
9324,35
9325,29
9326,35
9327,40
9328,40
9329,40
9330,31
9331,34
9332,40
9333,29
9334,42
9335,31
9336,39
9337,43
9338,38
9339,36
9340,40
9341,43
9342,32
9343,36
9344,39
9345,41
9346,30
9347,35
9348,38
9349,43
9350,38
9351,41
9352,39
9353,30
9354,37
9355,39
9356,39
9357,31
9358,32
9359,35
9360,33
9361,42
9362,30
9363,32
9364,26
9365,29
9366,40
9367,37
9368,39
9369,38
9370,32
9371,50
9372,36
9373,26
9374,38
9375,28
9376,42
9377,49
9378,42
9379,27
9380,37
9381,38
9382,31
9383,42
9384,42
9385,50
9386,30
9387,38
9388,42
9389,27
9390,47
9391,32
9392,25
9393,47
9394,33
9395,39
9396,34
9397,25
9398,37
9399,38
9400,30
9401,40
9402,33
9403,31
9404,33
9405,34
9406,39
9407,30
9408,34
9409,38
9410,35
9411,34
9412,41
9413,35
9414,36
9415,27
9416,39
9417,33
9418,39
9419,31
9420,37
9421,39
9422,43
9423,41
9424,35
9425,40
9426,34
9427,45
9428,44
9429,28
9430,36
9431,39
9432,41
9433,36
9434,34
9435,38
9436,33
9437,38
9438,30
9439,41
9440,31
9441,42
9442,47
9443,37
9444,33
9445,43
9446,27
9447,26
9448,38
9449,28
9450,43
9451,41
9452,29
9453,51
9454,31
9455,32
9456,36
9457,37
9458,44
9459,34
9460,32
9461,38
9462,37
9463,47
9464,49
9465,50
9466,36
9467,29
9468,44
9469,37
9470,36
9471,36
9472,33
9473,46
9474,45
9475,29
9476,40
9477,46
9478,31
9479,33
9480,33
9481,42
9482,34
9483,34
9484,42
9485,42
9486,33
9487,35
9488,36
9489,26
9490,43
9491,44
9492,39
9493,38
9494,45
9495,28
9496,35
9497,39
9498,37
9499,25
9500,24
9501,46
9502,40
9503,38
9504,34
9505,42
9506,35
9507,39
9508,35
9509,42
9510,38
9511,42
9512,37
9513,43
9514,33
9515,27
9516,40
9517,28
9518,36
9519,38
9520,34
9521,39
9522,27
9523,42
9524,39
9525,42
9526,40
9527,38
9528,38
9529,36
9530,42
9531,41
9532,39
9533,31
9534,32
9535,35
9536,23
9537,36
9538,42
9539,38
9540,34
9541,36
9542,32
9543,42
9544,26
9545,37
9546,38
9547,33
9548,34
9549,53
9550,33
9551,22
9552,41
9553,42
9554,32
9555,38
9556,39
9557,31
9558,40
9559,50
9560,37
9561,36
9562,33
9563,29
9564,33
9565,42
9566,35
9567,39
9568,29
9569,41
9570,35
9571,32
9572,38
9573,33
9574,40
9575,37
9576,37
9577,42
9578,31
9579,41
9580,40
9581,39
9582,31
9583,33
9584,33
9585,47
9586,39
9587,29
9588,21
9589,27
9590,34
9591,43
9592,43
9593,44
9594,40
9595,32
9596,39
9597,41
9598,49
9599,32
9600,36
9601,39
9602,47
9603,43
9604,35
9605,34
9606,36
9607,35
9608,42
9609,38
9610,35
9611,37
9612,33
9613,32
9614,39
9615,32
9616,42
9617,44
9618,37
9619,40
9620,35
9621,40
9622,37
9623,38
9624,32
9625,41
9626,29
9627,42
9628,27
9629,36
9630,48
9631,40
9632,38
9633,26
9634,40
9635,37
9636,40
9637,46
9638,35
9639,43
9640,46
9641,37
9642,39
9643,58
9644,34
9645,33
9646,44
9647,44
9648,43
9649,40
9650,24
9651,31
9652,34
9653,36
9654,39
9655,38
9656,40
9657,35
9658,31
9659,47
9660,29
9661,40
9662,33
9663,40
9664,31
9665,39
9666,31
9667,45
9668,37
9669,33
9670,34
9671,31
9672,28
9673,35
9674,44
9675,40
9676,33
9677,45
9678,42
9679,43
9680,35
9681,37
9682,35
9683,38
9684,42
9685,37
9686,33
9687,32
9688,40
9689,34
9690,38
9691,34
9692,46
9693,28
9694,39
9695,31
9696,40
9697,33
9698,29
9699,31
9700,41
9701,30
9702,42
9703,43
9704,37
9705,28
9706,44
9707,37
9708,43
9709,38
9710,38
9711,41
9712,39
9713,32
9714,45
9715,51
9716,38
9717,45
9718,42
9719,27
9720,33
9721,42
9722,34
9723,41
9724,41
9725,37
9726,36
9727,37
9728,41
9729,26
9730,32
9731,40
9732,35
9733,41
9734,35
9735,30
9736,44
9737,34
9738,33
9739,32
9740,28
9741,38
9742,32
9743,33
9744,41
9745,34
9746,35
9747,38
9748,40
9749,31
9750,52
9751,43
9752,39
9753,42
9754,28
9755,34
9756,32
9757,46
9758,39
9759,33
9760,36
9761,45
9762,38
9763,26
9764,36
9765,41
9766,39
9767,36
9768,42
9769,35
9770,33
9771,33
9772,39
9773,37
9774,32
9775,30
9776,47
9777,38
9778,48
9779,45
9780,35
9781,37
9782,34
9783,34
9784,42
9785,40
9786,35
9787,21
9788,42
9789,40
9790,44
9791,43
9792,27
9793,31
9794,35
9795,43
9796,48
9797,29
9798,36
9799,36
9800,41
9801,30
9802,40
9803,35
9804,40
9805,40
9806,44
9807,33
9808,41
9809,35
9810,23
9811,45
9812,44
9813,37
9814,34
9815,36
9816,37
9817,35
9818,37
9819,42
9820,36
9821,43
9822,48
9823,36
9824,38
9825,39
9826,33
9827,43
9828,40
9829,39
9830,40
9831,31
9832,30
9833,47
9834,41
9835,39
9836,42
9837,34
9838,32
9839,29
9840,31
9841,45
9842,26
9843,42
9844,39
9845,36
9846,40
9847,32
9848,36
9849,34
9850,45
9851,34
9852,37
9853,37
9854,38
9855,40
9856,43
9857,35
9858,36
9859,44
9860,43
9861,30
9862,49
9863,36
9864,30
9865,42
9866,39
9867,39
9868,37
9869,46
9870,30
9871,34
9872,33
9873,32
9874,39
9875,43
9876,36
9877,34
9878,32
9879,34
9880,41
9881,38
9882,27
9883,37
9884,35
9885,40
9886,29
9887,47
9888,28
9889,42
9890,37
9891,34
9892,34
9893,31
9894,44
9895,36
9896,36
9897,49
9898,35
9899,36
9900,32
9901,39
9902,35
9903,40
9904,43
9905,36
9906,34
9907,33
9908,44
9909,45
9910,38
9911,36
9912,39
9913,40
9914,33
9915,40
9916,51
9917,38
9918,28
9919,31
9920,44
9921,34
9922,46
9923,38
9924,37
9925,45
9926,40
9927,29
9928,31
9929,34
9930,38
9931,37
9932,42
9933,37
9934,28
9935,38
9936,37
9937,31
9938,35
9939,41
9940,34
9941,33
9942,36
9943,36
9944,43
9945,38
9946,38
9947,42
9948,30
9949,31
9950,27
9951,33
9952,36
9953,29
9954,34
9955,34
9956,40
9957,33
9958,38
9959,38
9960,35
9961,36
9962,47
9963,43
9964,33
9965,42
9966,39
9967,39
9968,41
9969,47
9970,32
9971,34
9972,52
9973,37
9974,41
9975,36
9976,29
9977,35
9978,32
9979,43
9980,26
9981,39
9982,26
9983,42
9984,41
9985,44
9986,39
9987,36
9988,45
9989,35
9990,45
9991,48
9992,44
9993,36
9994,40
9995,37
9996,32
9997,34
9998,35
9999,37
