draw,retained_2024,countries_2024,overlap_with_primary_count_2024,jaccard_vs_primary_q75_2024,w_demand,w_hazard,w_urban_form
0,733,98,464,0.5043478260869565,0.0068513539152011,0.4304034246520265,0.5627452214327723
1,581,92,390,0.46318289786223277,0.0141359446117065,0.6209871983091653,0.3648768570791281
2,701,80,498,0.5831381733021077,0.4758267760264057,0.1728315958433271,0.3513416281302671
3,698,80,492,0.574095682613769,0.4914302019441559,0.1786726239331644,0.3298971741226795
4,745,91,415,0.4230377166156983,0.2463180842056308,0.008733163323226,0.744948752471143
5,743,87,578,0.7083333333333334,0.3497473686224731,0.2650926706869105,0.3851599606906165
6,662,68,269,0.25766283524904215,0.9398024145218868,0.052252246753936,0.007945338724177
7,679,70,434,0.484375,0.5496157234591451,0.3716669808543055,0.0787172956865494
8,640,73,428,0.4959443800695249,0.459020855333918,0.4816381124707731,0.0593410321953088
9,634,75,371,0.4059080962800875,0.6986323677645594,0.0560046600279291,0.2453629722075114
10,751,91,543,0.6321303841676368,0.2849263112001152,0.2433308360843235,0.4717428527155614
11,717,86,453,0.49508196721311476,0.3750525978326161,0.0590704016966878,0.565877000470696
12,516,77,255,0.27960526315789475,0.0865766588183749,0.8930821830569776,0.0203411581246473
13,655,70,415,0.4657687991021324,0.5109360589990555,0.4732794618667704,0.015784479134174
14,692,68,319,0.3115234375,0.7671649085072366,0.227891395730347,0.0049436957624163
15,563,86,341,0.39060710194730813,0.1063851291737148,0.6745264497563529,0.2190884210699323
16,721,84,506,0.5842956120092379,0.4267014379946895,0.1559357588519694,0.417362803153341
17,741,91,560,0.6730769230769231,0.2815631565699343,0.2723102189307724,0.4461266244992932
18,623,75,372,0.4124168514412417,0.687457525029788,0.0348814131415935,0.2776610618286185
19,523,81,284,0.31910112359550563,0.1439359085417205,0.8104106670064636,0.0456534244518158
20,680,80,459,0.5263761467889908,0.4978748410568134,0.1008826702878467,0.4012424886553397
21,718,88,449,0.4880434782608696,0.3616584627430749,0.0501738539383333,0.5881676833185916
22,645,71,366,0.3935483870967742,0.7162317270217957,0.0819717555469061,0.2017965174312981
23,622,88,469,0.5833333333333334,0.156910329149496,0.526352263777899,0.3167374070726049
24,768,99,466,0.48898216159496327,0.028645941612022,0.3310646890497831,0.6402893693381946
25,635,72,343,0.3637327677624602,0.7618214807675552,0.0704428010380422,0.1677357181944025
26,644,77,461,0.552757793764988,0.367450472058624,0.4861590137940559,0.1463905141473201
27,682,86,556,0.7155727155727156,0.2820068546157384,0.4176318740810025,0.300361271303259
28,682,97,451,0.5113378684807256,0.0056735769308348,0.4814351598266875,0.5128912632424777
29,742,85,528,0.6104046242774567,0.3440753992729071,0.1972439145528068,0.4586806861742862
30,726,98,481,0.5368303571428571,0.0547090316931134,0.4115631674256677,0.5337278008812189
31,768,96,413,0.4105367793240557,0.0100771749083613,0.1288093610690508,0.8611134640225879
32,614,70,327,0.3486140724946695,0.7903541483919198,0.008858918147559,0.2007869334605211
33,614,79,415,0.48823529411764705,0.3416752006836225,0.5432649954344222,0.1150598038819553
34,605,70,374,0.42403628117913833,0.4150997640890902,0.5826231725047215,0.0022770634061882
35,705,93,496,0.5767441860465117,0.1007212267751358,0.4296713658636935,0.4696074073611706
36,757,89,455,0.4774396642182581,0.291143692430039,0.0698758510060152,0.6389804565639458
37,723,96,485,0.545556805399325,0.0662297655079289,0.4113315770240458,0.5224386574680252
38,700,85,453,0.5044543429844098,0.4531089007100659,0.0672374709207717,0.4796536283691625
39,601,74,386,0.4457274826789838,0.3728939291983925,0.5695367417519058,0.0575693290497018
40,699,83,460,0.5168539325842697,0.4298362693695834,0.0757317444119087,0.4944319862185076
41,681,70,372,0.3875,0.6759205972794771,0.2195547287116405,0.1045246740088824
42,754,97,385,0.37745098039215685,0.0435053231105367,0.009115559299095,0.9473791175903682
43,694,72,406,0.4323748668796592,0.6435724008539211,0.2277900502131089,0.1286375489329701
44,643,79,457,0.5459976105137395,0.3529298168911097,0.4932147603099977,0.1538554227988926
45,752,96,496,0.5468577728776185,0.1265640928408005,0.3099762041023057,0.5634597030568939
46,766,93,458,0.47758081334723673,0.2670970350998017,0.0849709875133396,0.6479319773868587
47,656,68,283,0.2763671875,0.9105849407986416,0.0535126321013445,0.0359024271000139
48,754,95,430,0.441025641025641,0.1580413155313316,0.0845378750444819,0.7574208094241865
49,628,68,269,0.26633663366336635,0.9358476753980196,0.0020889423163365,0.0620633822856437
50,708,86,580,0.7445442875481386,0.3594619172485887,0.3639120478357784,0.2766260349156329
51,652,86,509,0.6410579345088161,0.210004404710868,0.4806482235682317,0.3093473717209001
52,694,80,479,0.5531177829099307,0.5005301697156124,0.1407127776463316,0.3587570526380561
53,760,96,497,0.5437636761487965,0.1853313454983442,0.2277346943797824,0.5869339601218735
54,560,83,336,0.384,0.1224244629115992,0.6873905249718079,0.1901850121165929
55,646,78,417,0.4738636363636364,0.574783259664803,0.0282654306639897,0.3969513096712073
56,625,80,441,0.5281437125748503,0.2782176873431302,0.525603458121815,0.1961788545350548
57,769,96,430,0.43434343434343436,0.0542761369031137,0.1532788578682095,0.7924450052286766
58,776,98,450,0.46059365404298874,0.0439960134863241,0.2091666177902313,0.7468373687234444
59,510,79,267,0.2986577181208054,0.0493281446411518,0.8279475640009323,0.1227242913579158
60,742,85,579,0.7113022113022113,0.3744935683300304,0.2606393529078115,0.3648670787621583
61,681,70,356,0.36475409836065575,0.718360049051911,0.2051418459852676,0.0764981049628214
62,734,90,581,0.722636815920398,0.2867790559884229,0.3112995868964431,0.4019213571151339
63,686,72,424,0.4644030668127054,0.5767970367866097,0.3412973262940926,0.0819056369192978
64,507,79,242,0.26419213973799127,0.0287870575329567,0.9570975742994544,0.014115368167589
65,629,71,335,0.3544973544973545,0.7846039398898266,0.0416219942231154,0.1737740658870578
66,718,80,532,0.6356033452807647,0.4695508364196112,0.2560175675592565,0.2744315960211322
67,517,79,261,0.28776185226019846,0.1056867654737173,0.8612527599261312,0.0330604746001515
68,776,98,451,0.46209016393442626,0.0437966911488987,0.2317961820673165,0.7244071267837847
69,779,98,465,0.48186528497409326,0.0668415180041196,0.2409838782176596,0.6921746037782207
70,743,85,538,0.6285046728971962,0.3623003211833709,0.2051254486244559,0.4325742301921733
71,670,76,438,0.4960362400906002,0.6046745127439799,0.1293903786587362,0.265935108597284
72,686,84,435,0.48226164079822614,0.4391840067707809,0.0237814730708788,0.5370345201583402
73,614,75,399,0.4607390300230947,0.398401349410894,0.549847906670523,0.051750743918583
74,648,79,421,0.479498861047836,0.5618924873716001,0.0210998767611241,0.4170076358672757
75,678,71,380,0.40042149631190727,0.6891342070009594,0.164975823078178,0.1458899699208625
76,749,96,507,0.5677491601343785,0.1317422958341687,0.3323423938319966,0.5359153103338345
77,598,83,414,0.49580838323353293,0.1938776220210251,0.5688713230503358,0.237251054928639
78,655,77,393,0.4304490690032859,0.6727976431527515,0.11287557535837,0.2143267814888784
79,706,88,571,0.7264631043256997,0.2532522611024877,0.363452249002872,0.3832954898946402
80,693,72,362,0.36863543788187375,0.6820809273921069,0.2759043199111411,0.0420147526967518
81,620,75,368,0.40753045404208194,0.7027131376485845,0.0315233177846142,0.2657635445668012
82,718,76,487,0.5521541950113379,0.5220076495377152,0.2996294581180979,0.1783628923441869
83,774,92,461,0.4782157676348548,0.2312474985909119,0.0990180143132161,0.6697344870958719
84,548,78,331,0.3813364055299539,0.1846537944077985,0.6879949830932389,0.1273512224989625
85,645,76,397,0.44160177975528364,0.6520205570727411,0.0623080577267378,0.285671385200521
86,667,77,474,0.5616113744075829,0.4345232098768004,0.4383497145398372,0.1271270755833623
87,662,79,438,0.5005714285714286,0.5444903836502629,0.0593909388686193,0.3961186774811176
88,687,80,469,0.5397008055235903,0.5183812415143203,0.1194567255451332,0.3621620329405464
89,636,91,479,0.5928217821782178,0.1335503004093486,0.513900779879535,0.3525489197111163
90,652,76,457,0.5401891252955082,0.4179286491276737,0.4639945557719218,0.1180767951004044
91,705,89,578,0.7429305912596401,0.2707003281098734,0.3693251238549929,0.3599745480351338
92,669,77,474,0.5602836879432624,0.4352928027702074,0.4359871899979071,0.1287200072318853
93,694,71,356,0.35995955510616784,0.6904207934673116,0.2746015645907608,0.0349776419419276
94,513,74,265,0.29477196885428253,0.1392768729906866,0.8558308457021919,0.0048922813071214
95,769,99,463,0.48380355276907,0.017152146706929,0.3369079792029008,0.6459398740901702
96,773,98,469,0.49109947643979057,0.1336912987309453,0.1759551655550269,0.6903535357140279
97,764,99,471,0.4989406779661017,0.036930883931443,0.3526596494906502,0.6104094665779068
98,766,97,514,0.5692137320044297,0.1722480872132002,0.2750221777408623,0.5527297350459375
99,658,79,504,0.6260869565217392,0.3011969772753817,0.462910000268388,0.2358930224562302
100,658,70,300,0.29732408325074333,0.8631207767590168,0.0707194668823655,0.0661597563586174
101,701,69,332,0.3254901960784314,0.7418229644934731,0.247459145814565,0.0107178896919619
102,737,96,505,0.5719139297848245,0.1129891266745909,0.3858599459871199,0.5011509273382891
103,521,82,282,0.31685393258426964,0.0363389484354704,0.8003713323866202,0.1632897191779094
104,704,86,586,0.7620286085825748,0.3329946714076311,0.3773629540585216,0.2896423745338472
105,627,81,443,0.5305389221556887,0.2687682934296409,0.5225081468956587,0.2087235596747003
106,772,96,441,0.44908350305498984,0.0626050881903159,0.1697445085523394,0.7676504032573447
107,683,68,320,0.3155818540433925,0.7814037552513984,0.1912892026147805,0.0273070421338212
108,714,90,583,0.7455242966751918,0.2784733858538916,0.3545644423948717,0.3669621717512367
109,506,78,242,0.2644808743169399,0.014410293448958,0.9440920216327712,0.0414976849182706
110,739,90,417,0.42857142857142855,0.2690683012325672,0.0019212586536037,0.7290104401138291
111,765,96,514,0.5698447893569845,0.1736028244322113,0.2749501571471029,0.5514470184206857
112,748,86,567,0.6814903846153846,0.3237981888547217,0.2593589073528756,0.4168429037924026
113,752,89,458,0.4846560846560847,0.2911607571104659,0.0817616250502293,0.6270776178393047
114,610,78,409,0.4800469483568075,0.3466752106259712,0.5478712819177589,0.1054535074562698
115,731,87,425,0.4440961337513062,0.3146179465361446,0.0049899452277484,0.680392108236107
116,630,74,351,0.3774193548387097,0.7511973925140657,0.0288879910786293,0.219914616407305
117,678,78,502,0.6070133010882709,0.4102587389317964,0.4181592675968926,0.1715819934713111
118,524,75,298,0.33979475484606614,0.1986369363384058,0.7828401380680218,0.0185229255935724
119,673,91,500,0.6067961165048543,0.1119111714319753,0.4639016233182544,0.4241872052497701
120,616,86,461,0.5719602977667494,0.1802116279521582,0.5311609076665337,0.2886274643813081
121,666,68,283,0.2736943907156673,0.8973014415927754,0.0812578550695705,0.0214407033376539
122,517,83,283,0.319774011299435,0.1127357498950472,0.799944046263594,0.0873202038413586
123,778,100,463,0.47929606625258797,0.0577889352048518,0.2597002291334345,0.6825108356617136
124,771,93,488,0.5224839400428265,0.2249336115448088,0.1690897526200089,0.6059766358351821
125,667,68,274,0.2624521072796935,0.9224586971362214,0.0698338081334261,0.0077074947303524
126,692,92,520,0.6318347509113001,0.1500568615464804,0.4250515061548088,0.4248916322987108
127,564,73,349,0.40300230946882215,0.2800314195111309,0.6538241125776109,0.0661444679112582
128,526,82,289,0.32545045045045046,0.021166970177965,0.7885931156791798,0.1902399141428551
129,720,85,595,0.7667525773195877,0.3639526802772376,0.3346688148229799,0.3013785048997825
130,639,68,265,0.25853658536585367,0.958679817988344,0.0126968882077926,0.0286232938038632
131,666,72,354,0.367601246105919,0.7429998254174707,0.1245217352228284,0.1324784393597008
132,777,98,457,0.470648815653965,0.0567074550832102,0.2182629291319112,0.7250296157848785
133,509,79,242,0.2636165577342048,0.0328968120158883,0.9646744271852454,0.0024287607988662
134,608,74,355,0.3926991150442478,0.7233874467383733,0.0046794019757494,0.2719331512858775
135,680,79,455,0.519406392694064,0.5300313921085998,0.0934895053236667,0.3764791025677335
136,763,97,481,0.5155412647374062,0.1327865660212778,0.226271686858637,0.6409417471200852
137,757,100,490,0.5337690631808278,0.0856200649332623,0.3439102381075112,0.5704696969592266
138,677,72,387,0.4112646121147715,0.6757681620956044,0.1585667818875164,0.1656650560168791
139,663,78,431,0.4881087202718007,0.6067436280308259,0.089211987550013,0.3040443844191611
140,732,93,533,0.6270588235294118,0.1897693090437344,0.3354031075832103,0.4748275833730553
141,757,95,422,0.4279918864097363,0.1166694978499693,0.1056176782249266,0.777712823925104
142,697,79,476,0.5458715596330275,0.5459821480622968,0.1582503782435576,0.2957674736941455
143,760,94,505,0.5573951434878587,0.2198270893561868,0.2193469696888654,0.5608259409549476
144,663,87,530,0.6760204081632653,0.2244918655080278,0.4626868659426536,0.3128212685493184
145,704,79,516,0.6150178784266984,0.4841967273374274,0.215352111908035,0.3004511607545377
146,691,86,565,0.7271557271557272,0.3152552575789867,0.4028900902137481,0.2818546522072652
147,687,80,468,0.5379310344827586,0.4974935750270131,0.1087104291885859,0.393795995784401
148,705,92,524,0.6298076923076923,0.1520540983534183,0.4115918243973319,0.4363540772492497
149,685,70,351,0.35634517766497464,0.6784068161342709,0.3105528718415656,0.0110403120241633
150,655,71,420,0.47404063205417607,0.5141242861541009,0.4594493613399673,0.0264263525059318
151,670,81,500,0.6090133982947625,0.3679451368350692,0.4393573179459454,0.1926975452189854
152,535,79,315,0.3616532721010333,0.1790180365813532,0.7191119265119659,0.1018700369066809
153,760,95,486,0.5254054054054054,0.187493036783456,0.2003523549475601,0.6121546082689837
154,577,74,368,0.42790697674418604,0.2930640057536527,0.6249143067864399,0.0820216874599072
155,763,95,423,0.42684157416750756,0.0897206599519701,0.1280989328598991,0.7821804071881308
156,742,87,569,0.6905339805825242,0.311757114863715,0.2666900051003207,0.4215528800359642
157,519,78,267,0.2956810631229236,0.1108607816921364,0.8405343611544317,0.0486048571534318
158,762,96,403,0.39900990099009903,0.0748957005248575,0.0644162694849387,0.8606880299902038
159,640,77,409,0.463718820861678,0.5765386441436099,0.0007982711566966,0.4226630846996934
160,768,98,470,0.4952581664910432,0.0459933021592871,0.3081266735743747,0.6458800242663381
161,755,97,525,0.5959137343927355,0.2079824095418598,0.2724158953576289,0.5196016951005114
162,780,98,449,0.45723014256619143,0.026896877404868,0.2330882999365813,0.7400148226585505
163,757,94,431,0.44114636642784033,0.1748801882291767,0.0767292656366454,0.7483905461341778
164,574,87,356,0.4096662830840046,0.1242960650465601,0.6593228770321583,0.2163810579212815
165,713,81,531,0.6374549819927972,0.4639530936041006,0.2414512324559964,0.2945956739399029
166,636,67,255,0.24709302325581395,0.9933424654218306,0.0022534514470156,0.0044040831311538
167,736,85,586,0.731585518102372,0.3924062923837534,0.274537878129623,0.3330558294866236
168,530,76,305,0.3481735159817352,0.192268158145482,0.7640936636327111,0.0436381782218067
169,672,68,291,0.2819767441860465,0.8669773176125253,0.1279222305378952,0.0051004518495794
170,673,69,315,0.3121902874132805,0.7938356827947906,0.1704513423138899,0.0357129748913193
171,701,74,439,0.48083242059145676,0.5995140712089618,0.2352357325765706,0.1652501962144674
172,729,83,563,0.6891064871481029,0.4379878102693807,0.301932457030683,0.2600797326999363
173,735,88,502,0.5678733031674208,0.3594060747307842,0.1487036409918092,0.4918902842774065
174,542,76,326,0.3760092272202999,0.2053499846225821,0.6996607398742793,0.0949892755031386
175,700,74,436,0.47650273224043715,0.6058908164631267,0.2329438655303833,0.16116531800649
176,691,71,461,0.5232690124858116,0.5157399687874278,0.3738587976183566,0.1104012335942155
177,672,81,420,0.46511627906976744,0.4856636046250481,0.0021673884981243,0.5121690068768276
178,771,98,464,0.48434237995824636,0.0286073884676823,0.3138781703412051,0.6575144411911126
179,621,82,439,0.5270108043217286,0.2576601927393776,0.5306083174239671,0.2117314898366553
180,762,100,466,0.49208025343189016,0.023700345920279,0.3634277593517572,0.6128718947279636
181,634,96,440,0.5207100591715976,0.0350268041998835,0.5448505248978124,0.420122670902304
182,706,86,436,0.4733984799131379,0.3701283927190745,0.0201836455479116,0.6096879617330139
183,653,71,309,0.31055276381909547,0.8408171125650191,0.0649942032453404,0.0941886841896404
184,750,98,497,0.5497787610619469,0.0986055429909445,0.3641264920034649,0.5372679650055907
185,692,75,455,0.5123873873873874,0.589680433404042,0.1773849782672499,0.2329345883287081
186,777,97,437,0.4409687184661958,0.031605429129218,0.1870077273039105,0.7813868435668715
187,698,92,526,0.6391251518833536,0.1547492889024425,0.4148081957434932,0.4304425153540641
188,591,84,413,0.49819059107358266,0.169339182365057,0.5754240806772625,0.2552367369576805
189,586,91,413,0.5012135922330098,0.0752857378670632,0.6005896139158329,0.3241246482171038
190,629,79,387,0.4333706606942889,0.6342097115916159,0.0230464006373371,0.3427438877710469
191,654,69,294,0.29080118694362017,0.8776539266823516,0.059944757582925,0.0624013157347232
192,717,81,536,0.6442307692307693,0.4587542578108417,0.2304128641010617,0.3108328780880966
193,768,98,448,0.46138002059732236,0.0044454027305252,0.279113386402979,0.7164412108664957
194,741,85,543,0.6395759717314488,0.3593792660605022,0.2180281968268644,0.4225925371126333
195,615,75,400,0.4618937644341801,0.3980555974350149,0.549355843741923,0.0525885588230619
196,679,69,379,0.39852786540483703,0.6308875315168198,0.3260671662865682,0.0430453021966121
197,526,84,294,0.332955832389581,0.0010713149351605,0.7753143028252876,0.2236143822395519
198,746,96,510,0.5749718151071026,0.129868346035487,0.363174506022913,0.5069571479416
199,681,70,358,0.3675564681724846,0.7146444411044809,0.2037927127122597,0.0815628461832593
200,651,84,497,0.6173913043478261,0.2656427573767035,0.4770568299133474,0.2573004127099491
201,507,81,252,0.2781456953642384,0.0193558662851268,0.8888599224417788,0.0917842112730943
202,624,80,428,0.5053128689492326,0.3494192938041974,0.5302140986662014,0.1203666075296012
203,763,99,478,0.5106837606837606,0.0526361890430555,0.3467231380342169,0.6006406729227277
204,658,70,290,0.2845927379784102,0.8806797712368566,0.0737835420506482,0.0455366867124952
205,687,73,377,0.3922996878251821,0.6695096106656335,0.2644008240464842,0.0660895652878823
206,696,68,324,0.31671554252199413,0.770672914312033,0.208841952661322,0.0204851330266449
207,737,84,561,0.6783555018137848,0.3825243497997598,0.2442194791539083,0.3732561710463317
208,781,98,437,0.4391959798994975,0.0137712339852715,0.1923326064191272,0.7938961595956011
209,757,97,390,0.3831041257367387,0.0705945647388319,0.0205533282698839,0.9088521069912842
210,773,99,455,0.4695562435500516,0.0001003037758479,0.3358550672748395,0.6640446289493126
211,682,79,456,0.5199543899657925,0.5328902296797664,0.100764746704029,0.3663450236162046
212,579,84,377,0.44196951934349354,0.1952164759748989,0.6186955487693939,0.186087975255707
213,692,74,472,0.5419058553386912,0.4888338887795834,0.4010535160199601,0.1101125952004565
214,686,85,568,0.7386215864759428,0.3282654284605041,0.3970204892490213,0.2747140822904745
215,594,83,400,0.47337278106508873,0.2002970270378044,0.5869325714451197,0.2127704015170759
216,509,78,265,0.29608938547486036,0.0503772970451782,0.8373771361827254,0.1122455667720963
217,706,74,445,0.48793859649122806,0.5946792052265913,0.2304023753959789,0.1749184193774297
218,634,91,479,0.5942928039702233,0.1311656474860541,0.5172512181565626,0.3515831343573832
219,771,93,451,0.46446961894953653,0.2459412305048153,0.0733769898427952,0.6806817796523894
220,634,80,454,0.54632972322503,0.3126046930305422,0.5061083346117755,0.1812869723576821
221,682,91,507,0.6138014527845036,0.125733682177898,0.4425226690316252,0.4317436487904768
222,717,88,446,0.4837310195227766,0.3561608490831531,0.0483654292940364,0.5954737216228105
223,735,85,540,0.6382978723404256,0.3915783843434628,0.2037431394878532,0.4046784761686839
224,763,98,476,0.5074626865671642,0.1258873350815234,0.2105595833894835,0.6635530815289931
225,515,76,259,0.2855567805953694,0.0892852761244886,0.8627602687062097,0.0479544551693017
226,693,68,336,0.3333333333333333,0.740871388430394,0.2288050471169722,0.0303235644526336
227,630,68,282,0.2822822822822823,0.9054622153069416,0.0089392658776528,0.0855985188154054
228,734,89,445,0.4734042553191489,0.3195571068865296,0.0504621716219341,0.6299807214915362
229,588,94,408,0.49097472924187724,0.0347592510922764,0.6005709215860785,0.364669827321645
230,658,71,435,0.4977116704805492,0.5054921677586357,0.4339424679352179,0.0605653643061463
231,574,80,362,0.41946697566628044,0.2505804534147097,0.6304197725077887,0.1189997740775017
232,711,82,535,0.6469165659008465,0.4276896351807433,0.3568847711290789,0.2154255936901779
233,603,95,434,0.5292682926829269,0.0731797981406235,0.5595605146302562,0.3672596872291203
234,673,81,441,0.49943374858437145,0.5059540140218847,0.0515989307121473,0.442447055265968
235,760,97,403,0.3998015873015873,0.0912746661183669,0.040132112617792,0.8685932212638411
236,728,86,481,0.5356347438752784,0.3479099703188901,0.1170455517501585,0.5350444779309513
237,656,95,442,0.5109826589595375,0.0111982142730789,0.5078834867309164,0.4809182989960046
238,507,78,242,0.26419213973799127,0.0262729438829918,0.9509819288723812,0.022745127244627
239,709,86,438,0.4750542299349241,0.3670607665782832,0.029045147344525,0.6038940860771917
240,760,92,526,0.5943502824858757,0.2824602030651422,0.2117257988038291,0.5058139981310286
241,598,94,424,0.5139393939393939,0.0622113820571352,0.5849669713328319,0.3528216466100328
242,735,98,470,0.5131004366812227,0.0264769707217116,0.4140110066418374,0.5595120226364508
243,640,86,489,0.6097256857855362,0.2006920425959907,0.5030571583431754,0.2962507990608338
244,740,86,533,0.6212121212121212,0.3511190366627579,0.2031563740360015,0.4457245893012405
245,555,86,345,0.40069686411149824,0.0163072213201411,0.6999720423864969,0.283720736293362
246,718,85,465,0.5143805309734514,0.377527836882816,0.0853653146447525,0.5371068484724313
247,748,87,510,0.5736782902137233,0.32959382314176,0.1648118698940262,0.5055943069642138
248,630,71,346,0.3700534759358289,0.7616095792051237,0.044676499292473,0.1937139215024031
249,716,85,465,0.5155210643015521,0.3836467426277686,0.0847982749703702,0.5315549824018612
250,673,70,294,0.2854368932038835,0.8635145922770433,0.1108288871335374,0.025656520589419
251,642,78,416,0.47434435575826683,0.5548280755515717,0.0035262908611343,0.441645633587294
252,503,80,253,0.2807991120976693,0.0102918283290068,0.8794677208956254,0.1102404507753676
253,761,96,428,0.4349593495934959,0.1112904109052586,0.1196282236162606,0.7690813654784807
254,713,82,510,0.5971896955503513,0.4409605913563517,0.1722567170531924,0.3867826915904558
255,718,91,525,0.6220379146919431,0.1620699175206598,0.380990954299066,0.4569391281802741
256,715,94,517,0.6089517078916372,0.1390708042386716,0.4066578448075476,0.4542713509537808
257,666,71,339,0.34662576687116564,0.7687507750554263,0.126837580679931,0.1044116442646426
258,562,86,353,0.4104651162790698,0.0544500182633294,0.6763443576405221,0.2692056240961484
259,710,89,577,0.735969387755102,0.2691568424881387,0.3612724060274107,0.3695707514844505
260,748,95,520,0.5915813424345847,0.1656909661541765,0.3177838039689114,0.516525229876912
261,681,70,363,0.3746130030959752,0.7002138317010453,0.2006848866340728,0.0991012816648817
262,675,70,422,0.4668141592920354,0.5607046619148823,0.3776557405176942,0.0616395975674234
263,651,67,264,0.2543352601156069,0.9678202847378864,0.0267047992847701,0.0054749159773434
264,561,86,346,0.3995381062355658,0.134672592842699,0.6700496756215355,0.1952777315357654
265,513,80,265,0.29477196885428253,0.0851208243877219,0.8379577842331839,0.076921391379094
266,718,78,518,0.6086956521739131,0.4990405773064398,0.2609942421234875,0.2399651805700726
267,655,85,513,0.6469104665825978,0.2665838779048301,0.4657100421156709,0.2677060799794988
268,510,79,266,0.29720670391061454,0.0524559500319368,0.8369492543283935,0.1105947956396697
269,675,81,440,0.4966139954853273,0.5018644616341646,0.0448718349672246,0.4532637033986106
270,679,79,452,0.5148063781321185,0.5352517184088967,0.0779985445086662,0.386749737082437
271,655,71,374,0.4012875536480687,0.7017533775052216,0.1079611070267179,0.1902855154680603
272,662,70,312,0.3116883116883117,0.825878873497442,0.0915170176755024,0.0826041088270556
273,662,79,439,0.5022883295194508,0.5421759967320258,0.0589305058159526,0.3988934974520215
274,705,81,506,0.5952941176470589,0.4632426004522399,0.1735024487318414,0.3632549508159187
275,515,77,266,0.29555555555555557,0.1155965289703992,0.8461497113183087,0.038253759711292
276,760,94,425,0.43103448275862066,0.1312417134272703,0.0890103949775076,0.779747891595222
277,695,84,447,0.4972191323692992,0.458274593652718,0.0525833673537124,0.4891420389935695
278,716,84,497,0.5712643678160919,0.4346445412112655,0.1466557746948684,0.4186996840938661
279,689,79,462,0.5261958997722096,0.5563587632543001,0.1325391024458639,0.311102134299836
280,746,98,463,0.49571734475374735,0.0066970196985465,0.4099942151629916,0.5833087651384619
281,755,88,518,0.5833333333333334,0.3088188700851269,0.184633978115428,0.5065471517994449
282,706,86,576,0.737516005121639,0.3513868365357184,0.3756436889793862,0.2729694744848952
283,763,92,465,0.48998946259220233,0.2013499219750855,0.147734249021724,0.6509158290031906
284,698,80,487,0.5649651972157773,0.4911018715936143,0.1506057057704899,0.3582924226358957
285,737,90,585,0.7285180572851806,0.2839235109799445,0.3149620226146364,0.4011144664054191
286,604,83,425,0.5120481927710844,0.2026351385263522,0.5556288699642743,0.2417359915093734
287,664,78,432,0.48924122310305773,0.6027984237105638,0.0923917820192051,0.3048097942702311
288,633,75,414,0.47586206896551725,0.4377693932548717,0.5143183830318803,0.0479122237132479
289,552,86,336,0.3875432525951557,0.0435229611430316,0.7013411067563151,0.2551359321006534
290,712,75,484,0.5506257110352674,0.5105054300227855,0.3256826615672013,0.1638119084100132
291,687,96,466,0.5344036697247706,0.0308574164990725,0.4684622812270513,0.500680302273876
292,690,80,478,0.5538818076477404,0.5027623560414369,0.1490986556457486,0.3481389883128145
293,717,83,534,0.6402877697841727,0.451499621344771,0.2179450911348667,0.3305552875203624
294,672,91,508,0.6233128834355828,0.1467606038596838,0.463126232021372,0.3901131641189442
295,748,96,504,0.5631284916201117,0.1328923286413084,0.3254082485211147,0.5416994228375768
296,769,93,442,0.45194274028629855,0.2367076163472144,0.0597492020255133,0.7035431816272723
297,639,82,467,0.5674362089914945,0.2784491047321265,0.4995273056084932,0.2220235896593804
298,680,87,556,0.7174193548387097,0.2487157987391617,0.4165415273234399,0.3347426739373983
299,748,90,435,0.4512448132780083,0.2752557781474826,0.0317926236296804,0.6929515982228369
300,612,83,438,0.5309090909090909,0.2044644533473905,0.5399673910198189,0.2555681556327905
301,666,87,520,0.6524466750313677,0.1814538173115874,0.4660165509150071,0.3525296317734053
302,512,78,268,0.2994413407821229,0.0324878390829065,0.8346385528659848,0.1328736080511088
303,770,95,386,0.37294685990338167,0.003568640060991,0.0208608997848607,0.9755704601541484
304,759,93,502,0.552863436123348,0.2524536941478236,0.185028362292686,0.5625179435594906
305,701,74,428,0.46320346320346323,0.6101251876170228,0.259850979664276,0.130023832718701
306,729,91,559,0.6808769792935444,0.2376881246385468,0.3357351284283791,0.4265767469330739
307,679,83,536,0.6750629722921915,0.3314221711286479,0.4264614340184059,0.242116394852946
308,632,68,273,0.2702970297029703,0.921073601927334,0.0183849656246547,0.0605414324480109
309,738,83,553,0.6614832535885168,0.4141716474621675,0.2294314490320957,0.3563969035057368
310,591,94,412,0.4963855421686747,0.0392079654978478,0.5988930981982264,0.3618989363039256
311,658,94,480,0.5790108564535585,0.0818571213875873,0.4904002840256081,0.4277425945868047
312,637,76,385,0.4263565891472868,0.6810566254104496,0.0550496502548558,0.2638937243346945
313,671,77,428,0.47874720357941836,0.6329280157660995,0.1386309597901344,0.2284410244437661
314,659,86,520,0.6582278481012658,0.2662114094760284,0.4599195494070103,0.2738690411169612
315,508,77,259,0.2877777777777778,0.0459031839430154,0.8534766260796766,0.100620189977308
316,630,76,429,0.5035211267605634,0.4048190563909713,0.5069407777555335,0.0882401658534951
317,635,84,465,0.5663824604141291,0.2428658190001105,0.5105993821779089,0.2465347988219805
318,764,98,453,0.4708939708939709,0.0098792479716089,0.3011261288974978,0.6889946231308932
319,741,95,540,0.6338028169014085,0.2145244937933285,0.308648686627668,0.4768268195790034
320,664,92,497,0.6075794621026895,0.1322912783304206,0.4820766994953706,0.3856320221742088
321,685,88,533,0.663760896637609,0.1829927810782162,0.4316213980221674,0.3853858208996165
322,738,84,561,0.677536231884058,0.3796954559832789,0.2431867829466552,0.3771177610700658
323,614,75,397,0.4573732718894009,0.3928964557204722,0.5541517069579094,0.0529518373216184
324,691,79,500,0.5938242280285035,0.4513837294551936,0.3893862526243906,0.1592300179204157
325,532,78,308,0.352,0.1927761319332468,0.746661098732452,0.0605627693343011
326,660,95,476,0.5700598802395209,0.0750353789760058,0.4903376940562018,0.4346269269677924
327,686,68,300,0.2892960462873674,0.8215074079249275,0.1734601463299807,0.0050324457450917
328,746,87,581,0.7120098039215687,0.3611854287246874,0.2609341361592828,0.3778804351160297
329,650,71,353,0.37236286919831224,0.738326670472948,0.0956527309291006,0.1660205985979513
330,682,68,340,0.3423967774420947,0.7583641366100841,0.1592985948231335,0.0823372685667824
331,696,85,579,0.75390625,0.3278451656940531,0.3882523191744543,0.2839025151314924
332,764,92,441,0.4527720739219713,0.2025162418414015,0.0828439214675785,0.7146398366910198
333,717,85,465,0.5149501661129569,0.3924343374662918,0.0844073431058107,0.5231583194278974
334,653,96,443,0.5145180023228804,0.0151544206198652,0.5202582443459786,0.4645873350341561
335,734,89,445,0.4734042553191489,0.3193789005857221,0.0500348698135208,0.630586229600757
336,746,96,510,0.5749718151071026,0.1278998888994643,0.3673252683141679,0.5047748427863676
337,718,99,478,0.5364758698092031,0.0474164256919971,0.4246001585094723,0.5279834157985306
338,640,93,478,0.5879458794587946,0.123368339412901,0.5091379820896076,0.3674936784974913
339,674,78,491,0.5887290167865707,0.4173469704522137,0.4311658304129082,0.1514871991348779
340,735,98,467,0.5081610446137106,0.0230379095544272,0.4094274018429849,0.5675346886025877
341,602,79,405,0.47759433962264153,0.3297970586002836,0.5562430887663744,0.1139598526333419
342,625,77,426,0.5011764705882353,0.3675259792124692,0.520206082240764,0.1122679385467666
343,768,92,480,0.5111821086261981,0.1995906469263776,0.1706275959584803,0.6297817571151418
344,739,88,506,0.5723981900452488,0.3486086447410175,0.1583331320457562,0.4930582232132263
345,694,74,420,0.4540540540540541,0.6327185621174372,0.2000747799271022,0.1672066579554607
346,683,71,408,0.4406047516198704,0.6036644859884217,0.3145009664548616,0.0818345475567167
347,745,97,396,0.396,0.1184328141970853,0.0015800384929884,0.8799871473099263
348,610,83,433,0.5229468599033816,0.2010285715797385,0.5486689445799464,0.2503024838403149
349,660,75,452,0.5261932479627474,0.4582493802685035,0.4525704327723929,0.0891801869591036
350,695,79,508,0.6062052505966588,0.4535285237851775,0.367445060397359,0.1790264158174635
351,687,72,429,0.47194719471947194,0.5646629892990143,0.344060966801782,0.0912760438992038
352,699,74,471,0.5358361774744027,0.5054639235553173,0.3663575962033303,0.1281784802413522
353,634,83,474,0.5844636251541308,0.2372872258860547,0.5014826109694925,0.2612301631444527
354,688,72,379,0.39479166666666665,0.6533802023857797,0.2889121148801097,0.0577076827341107
355,542,78,318,0.36342857142857143,0.1546853941810793,0.7077264016454424,0.1375882041734782
356,757,91,510,0.5679287305122495,0.2853679855522258,0.1854708411578603,0.5291611732899137
357,763,95,435,0.44433094994892747,0.1399919684757851,0.1125300987754847,0.7474779327487302
358,618,82,434,0.5197604790419161,0.2464786817101839,0.5391693154021021,0.214352002887714
359,521,81,277,0.3094972067039106,0.1174141611942362,0.81732175911497,0.0652640796907938
360,556,78,339,0.39055299539170507,0.1861902291548421,0.6699500106382895,0.1438597602068683
361,705,78,506,0.5952941176470589,0.5025768083225923,0.2082656771127254,0.2891575145646824
362,734,93,528,0.6161026837806302,0.1618553848751968,0.3578169089820536,0.4803277061427498
363,766,96,428,0.4327603640040445,0.0885659248073158,0.1354549299432524,0.7759791452494319
364,667,74,393,0.42486486486486486,0.6719624815991243,0.1383559367212294,0.1896815816796461
365,519,77,278,0.3116591928251121,0.165487861070298,0.8289405586423323,0.0055715802873697
366,780,98,450,0.45871559633027525,0.0221918820395479,0.2436234602409263,0.7341846577195257
367,712,84,478,0.5401129943502825,0.4289132196275285,0.1101855925637093,0.4609011878087623
368,708,89,566,0.7137452711223203,0.2348344692413093,0.3807315108468613,0.3844340199118295
369,510,80,256,0.2828729281767956,0.0598950620398744,0.86865081817079,0.0714541197893353
370,783,97,442,0.44556451612903225,0.0259537255581363,0.1944263238171447,0.779619950624719
371,689,80,474,0.5473441108545035,0.5070795661936885,0.1318737989754134,0.361046634830898
372,552,76,340,0.3939745075318656,0.2320618249224497,0.6751118535133372,0.092826321564213
373,713,89,554,0.6839506172839506,0.2138592469084149,0.3689467455238045,0.4171940075677806
374,716,97,479,0.5394144144144144,0.0578707484814367,0.4240653138051801,0.5180639377133831
375,645,95,479,0.5862913096695227,0.0961102806296937,0.5031379515548529,0.4007517678154534
376,692,76,480,0.5561993047508691,0.474678768627833,0.4079249363866284,0.1173962949855385
377,661,86,523,0.6628643852978454,0.2574528710859624,0.4596305633428518,0.2829165655711859
378,670,97,454,0.5236447520184544,0.0171800144150151,0.4893188139336036,0.4935011716513812
379,662,79,505,0.625,0.3136704140568521,0.456162833927445,0.2301667520157027
380,765,91,496,0.5391304347826087,0.2571780771864027,0.1661466375416364,0.5766752852719608
381,516,80,248,0.26985854189336234,0.0426689168273409,0.9106111547279544,0.0467199284447047
382,637,68,291,0.29187562688064195,0.8813974712812048,0.0230251949334247,0.0955773337853705
383,593,82,396,0.4669811320754717,0.2519664616681313,0.5829775030686815,0.1650560352631872
384,646,79,421,0.4805936073059361,0.5490375960206884,0.0188282323290574,0.4321341716502543
385,761,97,420,0.42338709677419356,0.102091702556509,0.1068463765892103,0.7910619208542807
386,559,89,367,0.43534994068801897,0.0441095847304567,0.6564741512356027,0.2994162640339404
387,777,98,464,0.48132780082987553,0.0695239750095166,0.2386602120605618,0.6918158129299214
388,520,84,289,0.3276643990929705,0.1227624446835675,0.7880213324579662,0.0892162228584663
389,769,98,471,0.49631190727081137,0.0966391779783866,0.2355940971859505,0.6677667248356628
390,668,72,349,0.3597938144329897,0.7486866595638741,0.1340515414341748,0.1172617990019512
391,700,79,498,0.5838218053927315,0.4647675216246551,0.380322053546316,0.1549104248290289
392,713,75,477,0.5377677564825254,0.5312756612878384,0.303686677286301,0.1650376614258605
393,666,72,356,0.3704474505723205,0.7373826622565545,0.1211086683581135,0.141508669385332
394,695,84,425,0.46145494028230183,0.4105916564223974,8.94827486320129e-05,0.5893188608289706
395,621,69,325,0.34318901795142553,0.808939778147695,0.0128272004265537,0.1782330214257512
396,679,70,381,0.40147523709167543,0.6377850336531261,0.3081814652590458,0.0540335010878281
397,680,90,510,0.6211936662606578,0.1317424427280215,0.4424690224473155,0.425788534824663
398,590,86,383,0.44638694638694637,0.1907304890565513,0.6118579765027302,0.1974115344407183
399,593,83,389,0.45497076023391814,0.217029251724401,0.6019642965253973,0.1810064517502016
400,690,79,464,0.5290763968072976,0.5549233623060814,0.1420743957342882,0.3030022419596305
401,641,78,412,0.4681818181818182,0.5806990920541992,0.0200133145148738,0.3992875934309268
402,630,75,409,0.4690366972477064,0.4385952594699568,0.5216180612448548,0.0397866792851884
403,546,78,326,0.3742824339839265,0.1716481293571539,0.6888099097544362,0.1395419608884096
404,735,92,550,0.6578947368421053,0.2376219707637279,0.3015353285135008,0.4608427007227713
405,770,99,467,0.48951781970649894,0.021779015722334,0.3535316356827555,0.6246893485949104
406,588,92,384,0.44912280701754387,0.1356654102996132,0.622211112964758,0.2421234767356288
407,685,83,432,0.4778761061946903,0.445487988947489,0.0201037044671148,0.5344083065853962
408,721,79,516,0.602803738317757,0.4813577466729433,0.3020565256393434,0.2165857276877133
409,593,86,427,0.5226438188494492,0.1575415364717529,0.5634152347166802,0.2790432288115669
410,713,84,484,0.55,0.4106173006245264,0.1196460871344339,0.4697366122410397
411,642,85,497,0.6243718592964824,0.236207403231616,0.4816235173067956,0.2821690794615883
412,759,96,390,0.38235294117647056,0.0548854753442976,0.0231366087202166,0.9219779159354856
413,717,90,549,0.6703296703296703,0.2030677895933173,0.3697712166799589,0.4271609937267238
414,756,96,533,0.6098398169336384,0.2183341330555037,0.2765461829111108,0.5051196840333855
415,650,72,433,0.4988479262672811,0.4769753554965447,0.4672416553699059,0.0557829891335492
416,712,87,443,0.4815217391304348,0.3836147878673191,0.0458715987455898,0.5705136133870911
417,675,85,545,0.6978233034571063,0.2907344258199532,0.43060614380942,0.2786594303706268
418,717,80,535,0.6422569027611045,0.4679674097227644,0.2574911393337957,0.2745414509434399
419,652,71,421,0.47732426303854875,0.4974625899152257,0.4685483188936407,0.0339890911911336
420,758,94,513,0.5725446428571429,0.264620003770573,0.2062938769112644,0.5290861193181625
421,688,79,462,0.5267958950969214,0.54530061480614,0.125618766282825,0.3290806189110351
422,696,84,464,0.5254813137032842,0.4609113930866745,0.09238224824374,0.4467063586695852
423,552,75,340,0.3939745075318656,0.2099259613747895,0.6707491479125305,0.1193248907126799
424,702,86,568,0.7235668789808917,0.3636831460202188,0.3766170441682115,0.2596998098115696
425,763,96,404,0.4,0.0411739650140252,0.0740533163260574,0.8847727186599174
426,625,83,443,0.531812725090036,0.2478906408840114,0.5246680001414095,0.2274413589745791
427,514,80,269,0.3002232142857143,0.0797906148440573,0.8230930717737095,0.0971163133822331
428,728,84,534,0.6319526627218935,0.4209705857426266,0.1949971290661398,0.3840322851912336
429,711,85,449,0.49178532311062434,0.4000229894521687,0.054947845287364,0.5450291652604673
430,638,71,331,0.3455114822546973,0.7922748317074711,0.066210786391726,0.1415143819008028
431,641,79,462,0.5566265060240964,0.3254887372163677,0.4904028036313275,0.1841084591523048
432,678,71,381,0.40189873417721517,0.6857455611793972,0.1613744797104884,0.1528799591101142
433,512,79,268,0.2994413407821229,0.0780267273042044,0.8255189089598682,0.0964543637359272
434,667,72,350,0.3615702479338843,0.7486009463313859,0.1318860746460793,0.1195129790225349
435,636,77,443,0.5248815165876777,0.3578698822214412,0.5085388519764534,0.1335912658021054
436,786,98,442,0.4442211055276382,0.0072402435124651,0.2228323364363128,0.769927420051222
437,526,84,301,0.3436073059360731,0.1253063875083771,0.7645209078457847,0.1101727046458381
438,568,77,356,0.41251448435689453,0.2502658281651443,0.6423781487386357,0.1073560230962199
439,536,85,311,0.3550228310502283,0.1008617583582542,0.7401645053422196,0.1589737362995261
440,599,84,426,0.5169902912621359,0.1801563412757194,0.5591203453036063,0.2607233134206742
441,660,86,523,0.6637055837563451,0.2037819329115792,0.4650765377248446,0.3311415293635762
442,681,70,377,0.3947643979057592,0.680076377214725,0.1909156201750546,0.1290080026102205
443,758,91,478,0.5134264232008593,0.2914209907951532,0.1281852965646834,0.5803937126401635
444,674,69,324,0.32367632367632365,0.7780860242836444,0.1716510198031384,0.0502629559132172
445,776,98,452,0.4635897435897436,0.0523856549046939,0.1996312617965453,0.7479830832987606
446,765,96,443,0.4552929085303186,0.1633465830558161,0.117209681013961,0.7194437359302228
447,639,83,494,0.6206030150753769,0.2405609412145969,0.485184330246879,0.274254728538524
448,687,81,454,0.5135746606334841,0.4821773420567865,0.0775111483548531,0.4403115095883602
449,672,81,438,0.49491525423728816,0.5099653763318752,0.0421236157437177,0.4479110079244071
450,680,83,429,0.47560975609756095,0.4661009025577619,0.0224414202475021,0.511457677194736
451,670,80,498,0.6051032806804374,0.4018886143468061,0.4262602800210173,0.1718511056321766
452,654,71,421,0.4762443438914027,0.5033701300200449,0.4619884211978712,0.0346414487820838
453,518,77,258,0.283205268935236,0.0933616116068431,0.8710428927536101,0.0355954956395466
454,625,76,406,0.4666666666666667,0.4233890112380699,0.5291615771857134,0.0474494115762164
455,514,74,266,0.29588431590656283,0.139725522119776,0.8530270448536532,0.0072474330265706
456,760,94,516,0.576536312849162,0.2322461054693242,0.2277096918640281,0.5400442026666475
457,768,98,468,0.4921135646687697,0.0931347909863115,0.2300696298513092,0.6767955791623791
458,691,72,464,0.5284738041002278,0.5120799265995648,0.3824275194971884,0.1054925539032467
459,684,86,562,0.7270375161707633,0.2751938140471374,0.4150975677075629,0.3097086182452995
460,615,83,442,0.5364077669902912,0.2142804662087412,0.5342967478909428,0.2514227859003157
461,727,87,442,0.4722222222222222,0.3330558316195265,0.0379373371827463,0.6290068311977273
462,668,76,399,0.43369565217391304,0.664908956274091,0.1401129622791062,0.1949780814468029
463,737,90,424,0.43983402489626555,0.2841359615195991,0.0068792508427017,0.7089847876376992
464,655,78,416,0.46741573033707867,0.6233697430444731,0.0608912466913651,0.3157390102641618
465,575,90,389,0.4647550776583035,0.0558763859141706,0.6284212759972019,0.3157023380886275
466,771,95,429,0.43202416918429004,0.0217316155926628,0.1721137412663116,0.8061546431410256
467,732,84,561,0.6824817518248175,0.4142374410552286,0.2455340294637655,0.3402285294810058
468,711,79,517,0.6118343195266273,0.4652997233078434,0.1954811261677675,0.339219150524389
469,713,98,474,0.5325842696629214,0.0449290024681741,0.4380801229296003,0.5169908746022256
470,530,84,297,0.33597285067873306,0.0342479502991055,0.7703946969773778,0.1953573527235165
471,551,86,339,0.3928157589803013,0.0129700202962737,0.7069069622441637,0.2801230174595626
472,755,96,406,0.406,0.1101336307771269,0.0448026083666125,0.8450637608562606
473,531,75,306,0.3493150684931507,0.2162855867888524,0.7565459397615798,0.0271684734495679
474,520,81,282,0.3172103487064117,0.1395127138785137,0.812168647471882,0.0483186386496041
475,737,95,521,0.6009227220299884,0.1480372959281299,0.36094364275384,0.4910190613180298
476,615,95,415,0.48766157461809634,0.0063470675737705,0.5784976925835832,0.4151552398426462
477,681,78,481,0.5652173913043478,0.4485315633635278,0.4241423932234321,0.1273260434130401
478,673,70,315,0.3121902874132805,0.7958138853454517,0.1485421932038923,0.0556439214506559
479,639,73,403,0.45434047350620066,0.4841268578625998,0.5061947259764319,0.0096784161609683
480,521,84,298,0.34096109839816935,0.1227604983302237,0.7662007725770554,0.1110387290927207
481,684,70,346,0.34984833164812945,0.737545674230408,0.1970781818500624,0.0653761439195295
482,516,81,285,0.3231292517006803,0.1372484836318187,0.7988122837441215,0.0639392326240596
483,712,80,520,0.6168446026097272,0.4574882451688611,0.1942865501947498,0.3482252046363889
484,633,74,358,0.38660907127429806,0.7372765141502867,0.0360190287412386,0.2267044571084746
485,764,95,426,0.43073811931243683,0.0883259291482574,0.1308203121802989,0.7808537586714436
486,516,77,255,0.27960526315789475,0.0917272700825159,0.890969804022332,0.0173029258951521
487,606,79,413,0.48933649289099523,0.3234776351570684,0.5512777456783668,0.1252446191645648
488,612,78,411,0.4823943661971831,0.3494186162386949,0.5439209953274334,0.1066603884338716
489,620,86,465,0.5769230769230769,0.185669757757451,0.5253993935169722,0.2889308487255766
490,692,86,570,0.7373868046571799,0.2954721905065616,0.4034785083445716,0.3010493011488667
491,689,94,485,0.5672514619883041,0.0832149765543676,0.458033884522027,0.4587511389236053
492,691,80,474,0.5460829493087558,0.4893296799277317,0.1155396084872111,0.3951307115850572
493,737,86,584,0.7263681592039801,0.3995714474422059,0.2723441310593637,0.3280844214984302
494,706,76,493,0.5706018518518519,0.4938379171563302,0.3392220289604386,0.1669400538832311
495,693,86,577,0.7522816166883963,0.3098240797280064,0.3903124853310849,0.2998634349409088
496,619,78,379,0.42536475869809204,0.6467914441143774,0.0082506509852646,0.344957904900358
497,639,74,360,0.3870967741935484,0.7289696337104141,0.0544870401787563,0.2165433261108296
498,699,78,498,0.5845070422535211,0.5046166996967302,0.1907597944074524,0.3046235058958174
499,588,94,406,0.48739495798319327,0.0336239488431656,0.6106535710664335,0.3557224800904008
500,720,99,476,0.5318435754189944,0.0433831059637708,0.4243688787485878,0.5322480152876414
501,694,86,545,0.68125,0.2014727616493085,0.4175466062545428,0.3809806320961487
502,668,68,273,0.2609942638623327,0.9251859971264788,0.0694981157692331,0.0053158871042879
503,767,93,444,0.45585215605749485,0.2500168308829395,0.0582068754127881,0.6917762937042722
504,636,71,356,0.38238453276047263,0.7326642410284006,0.0687388961636089,0.1985968628079905
505,605,88,451,0.5602484472049689,0.1711369334746899,0.5418700772942022,0.2869929892311078
506,668,69,285,0.27562862669245647,0.8947018577730089,0.0808925808087998,0.0244055614181913
507,743,90,575,0.702075702075702,0.2844197263941613,0.289366488750276,0.4262137848555627
508,707,78,507,0.5957696827262045,0.4992008573822394,0.2154542382815499,0.2853449043362107
509,747,85,544,0.6370023419203747,0.3506893308345741,0.220298258700558,0.4290124104648677
510,519,78,257,0.28148959474260676,0.0809400055166007,0.8741394344461937,0.0449205600372055
511,664,71,319,0.32028112449799195,0.8045599425846266,0.1113967973344142,0.0840432600809592
512,761,97,495,0.5398037077426391,0.1203426607856919,0.2951994057363113,0.5844579334779967
513,761,96,395,0.38839724680432647,0.035921234620435,0.0435257254767948,0.92055303990277
514,715,77,501,0.5791907514450867,0.5200302136719867,0.2413924373588486,0.2385773489691647
515,779,98,447,0.4547304170905392,0.0220705210858647,0.2326559943961234,0.7452734845180119
516,715,76,492,0.562929061784897,0.5034690741175976,0.3284155197230952,0.168115406159307
517,771,91,449,0.4614594039054471,0.2177582476467509,0.0855489560185012,0.6966927963347478
518,674,93,491,0.5887290167865707,0.0961289786510487,0.4683267944930131,0.4355442268559383
519,744,87,598,0.7503136762860728,0.3233203664841143,0.3021528864285978,0.3745267470872879
520,662,77,412,0.4572697003329634,0.6523836472129915,0.1251863512894911,0.2224300014975175
521,766,97,496,0.5385450597176982,0.1255992403666415,0.288582676403057,0.5858180832303014
522,642,70,318,0.3261538461538461,0.8225257518662727,0.0608656158157045,0.1166086323180225
523,715,79,527,0.6281287246722288,0.4772681757965581,0.2357898801769889,0.2869419440264528
524,756,89,495,0.5427631578947368,0.2838834591131956,0.1577171955966012,0.5583993452902031
525,766,92,466,0.4900105152471083,0.2379079827235327,0.1246728362673162,0.637419181009151
526,736,92,555,0.6670673076923077,0.2345975796360508,0.3187676991298351,0.446634721234114
527,718,81,528,0.6278240190249703,0.4534429335973948,0.3297258649415135,0.2168312014610917
528,620,71,341,0.36666666666666664,0.7648822745966054,0.021478376877429,0.2136393485259656
529,509,78,244,0.2663755458515284,0.0165118671071218,0.9427459558536124,0.0407421770392656
530,693,72,394,0.4147368421052632,0.6568130938775706,0.2182387109288131,0.1249481951936163
531,677,71,371,0.3876698014629049,0.7137639661121821,0.1501307045762701,0.1361053293115479
532,566,87,354,0.4101969872537659,0.0701995236259125,0.6704289746908783,0.2593715016832091
533,571,87,347,0.3965714285714286,0.0980590164150005,0.6711293831061943,0.2308116004788052
534,524,79,287,0.32319819819819817,0.1703967505231507,0.8049465397587665,0.0246567097180828
535,597,78,395,0.4630715123094959,0.3487206244858868,0.56362311005804,0.0876562654560732
536,511,77,252,0.27692307692307694,0.0777390670349523,0.9111511718690064,0.0111097610960413
537,752,94,419,0.4258130081300813,0.1567990391655541,0.0483735987768796,0.7948273620575661
538,757,97,383,0.37365853658536585,0.0344958578829997,0.0062092027683357,0.9592949393486646
539,680,69,384,0.40549102428722283,0.6171472485270515,0.368729524053021,0.0141232274199275
540,768,92,463,0.48430962343096234,0.2305696191760313,0.1162512034152463,0.6531791774087224
541,771,91,450,0.46296296296296297,0.2148062000224434,0.0886207737713358,0.6965730262062206
542,670,76,439,0.4977324263038549,0.6046635956970652,0.1306450045402899,0.2646913997626449
543,736,98,469,0.5108932461873639,0.0235720138067486,0.4124303924064288,0.5639975937868225
544,755,93,420,0.4259634888438134,0.1840218354580874,0.0403003682169614,0.775677796324951
545,544,78,327,0.37672811059907835,0.1649727296750417,0.6915300988221383,0.14349717150282
546,723,91,540,0.6474820143884892,0.1790769813158867,0.3734369429806933,0.4474860757034198
547,645,74,449,0.5301062573789846,0.4051611011162785,0.4796258931274622,0.1152130057562591
548,772,98,459,0.47614107883817425,0.0826778941985447,0.2092503376886401,0.708071768112815
549,691,84,440,0.4878048780487805,0.4343691517113448,0.0320570540454412,0.5335737942432139
550,671,81,516,0.6401985111662531,0.341413985714206,0.4345479120073128,0.2240381022784811
551,762,94,418,0.4201005025125628,0.0265952678793867,0.1385665591011619,0.8348381730194513
552,694,85,548,0.6875784190715182,0.3802756117094964,0.3846238560031135,0.23510053228739
553,678,71,375,0.39308176100628933,0.7053463750987334,0.15226829195312,0.1423853329481463
554,701,94,489,0.5666280417149478,0.082283135246626,0.4398412297858223,0.4778756349675516
555,745,99,482,0.5273522975929978,0.0617191321670023,0.374197614274754,0.5640832535582435
556,531,85,299,0.33861834654586637,0.0008060822098297,0.7647755259436341,0.2344183918465362
557,720,88,450,0.48859934853420195,0.3551213099126365,0.0548497934527334,0.5900288966346301
558,640,74,376,0.41092896174863386,0.7004580856580558,0.0723338836637204,0.2272080306782238
559,606,74,387,0.44482758620689655,0.3876214211366691,0.5613621178926435,0.0510164609706873
560,752,93,513,0.5764044943820225,0.2035757818737993,0.2576611028458021,0.5387631152803984
561,698,74,420,0.4520990312163617,0.6311915113355051,0.2044910734584318,0.1643174152060631
562,680,70,406,0.43891891891891893,0.5951343140304088,0.3391686604764906,0.0656970254931005
563,618,75,403,0.4653579676674365,0.3960685913360315,0.5454112710999385,0.0585201375640301
564,645,71,338,0.35281837160751567,0.7833046135421308,0.0745173895341956,0.1421779969236734
565,652,69,295,0.2926587301587302,0.8793537071571292,0.0557659486124046,0.0648803442304661
566,515,76,269,0.29988851727982163,0.1178049853474777,0.8364279862308084,0.0457670284217138
567,780,100,464,0.47983453981385726,0.0579996884456035,0.2537898737821316,0.6882104377722649
568,701,75,483,0.5558112773302647,0.5429246069827484,0.202715848189374,0.2543595448278775
569,768,98,446,0.45837615621788286,0.0019885237835048,0.2778875139918256,0.7201239622246696
570,768,99,478,0.5079702444208289,0.110521167723175,0.2352590676414578,0.6542197646353671
571,726,84,495,0.5612244897959183,0.3810263920486347,0.1344887333455981,0.4844848746057671
572,635,70,322,0.33402489626556015,0.8194366819556788,0.0460310628121353,0.1345322552321859
573,622,74,401,0.4598623853211009,0.4274839820186678,0.5365242681837188,0.0359917497976134
574,739,86,609,0.7797695262483995,0.331427996795885,0.312526325720685,0.3560456774834301
575,669,70,412,0.45374449339207046,0.560595675550937,0.4004349665947488,0.038969357854314
576,735,85,592,0.7455919395465995,0.3822491445146428,0.2846008460634001,0.3331500094219571
577,559,78,343,0.3956170703575548,0.1965997173564196,0.6642570650175987,0.1391432176259817
578,742,91,414,0.42288049029622066,0.2533454542175273,0.0054533800826364,0.7412011656998362
579,741,86,588,0.7313432835820896,0.3630614444057848,0.273133922287971,0.363804633306244
580,648,77,468,0.5631768953068592,0.3746184140426988,0.4711043608698191,0.1542772250874821
581,608,84,436,0.5297691373025516,0.1984026425639661,0.5446366672489279,0.256960690187106
582,771,99,462,0.48125,0.0138095602199086,0.3337079046242626,0.6524825351558287
583,721,82,528,0.6255924170616114,0.4444465714123768,0.202427570037279,0.353125858550344
584,759,89,541,0.622554660529344,0.2913313076058275,0.2306631349374557,0.4780055574567167
585,766,95,411,0.4085487077534791,0.0181544668666063,0.1147402588819448,0.8671052742514488
586,712,88,554,0.6847960444993819,0.2100504652661498,0.3928524163338324,0.3970971184000176
587,645,71,369,0.39805825242718446,0.7116666390741442,0.0855461567543642,0.2027872041714916
588,523,80,302,0.3463302752293578,0.1439069086842325,0.7615875685082267,0.0945055228075407
589,764,91,487,0.5247844827586207,0.270037828857232,0.1522352506451018,0.5777269204976662
590,642,79,468,0.5672727272727273,0.3123470276137358,0.4914703169426218,0.1961826554436425
591,742,95,516,0.5883694412770809,0.147296689429042,0.3469479746224596,0.5057553359484983
592,720,81,550,0.6699147381242387,0.4515357684310505,0.2702263498015214,0.2782378817674281
593,770,98,441,0.45,0.0984262987255821,0.1505910761811028,0.750982625093315
594,732,84,532,0.6251468860164512,0.4077902105734222,0.188702906290914,0.4035068831356639
595,518,84,280,0.31496062992125984,0.0869239488877678,0.8036592387073174,0.1094168124049148
596,526,77,301,0.3436073059360731,0.1901059254334491,0.7802496574629524,0.0296444171035987
597,570,78,357,0.4131944444444444,0.2157619444188233,0.6437929721181102,0.1404450834630664
598,515,79,257,0.28272827282728275,0.0720121191435939,0.8668643362231286,0.0611235446332775
599,776,98,473,0.49580712788259956,0.0863652218846943,0.2465895633814212,0.6670452147338842
600,606,73,382,0.43657142857142855,0.4352668548871008,0.5633271626996195,0.0014059824132797
601,546,76,324,0.3711340206185567,0.2258449139747753,0.7090628937931728,0.0650921922320518
602,573,92,394,0.4746987951807229,0.0880114944855827,0.6221631048663595,0.2898254006480577
603,705,82,492,0.5694444444444444,0.4597149108791755,0.1390350744616059,0.4012500146592185
604,731,93,541,0.643281807372176,0.2126185039164663,0.3225094794475096,0.464872016636024
605,542,88,318,0.36342857142857143,0.0053948528758665,0.7360761445015593,0.258529002622574
606,718,77,503,0.5808314087759815,0.49115736816744,0.3256489829093916,0.1831936489231683
607,691,71,355,0.3596757852077001,0.6881194873492945,0.2824338465665356,0.0294466660841699
608,716,83,501,0.5785219399538106,0.4174177452896883,0.1506563863004625,0.431925868409849
609,652,68,275,0.26750972762645914,0.9198312954913834,0.0493287787167125,0.0308399257919039
610,683,78,485,0.5712603062426383,0.4377388983450487,0.4253921013760781,0.1368690002788732
611,647,78,418,0.475,0.5737236881559802,0.0341971676089276,0.3920791442350922
612,763,96,414,0.414,0.0871199152441875,0.0959994880103594,0.8168805967454531
613,662,71,319,0.3209255533199195,0.800428264115831,0.120300302115761,0.0792714337684079
614,678,78,502,0.6070133010882709,0.4099994882131633,0.4180997684480257,0.171900743338811
615,532,82,307,0.3504566210045662,0.1368504383086809,0.7355894422889807,0.1275601194023384
616,635,80,447,0.532777115613826,0.3353371560222538,0.5124565697484386,0.1522062742293076
617,675,96,467,0.5436554132712457,0.0499752660107031,0.4772123291337939,0.4728124048555029
618,665,71,368,0.3881856540084388,0.7107617672414992,0.1271384203729491,0.1620998123855515
619,681,68,332,0.332,0.7654711972708249,0.1659040342651848,0.0686247684639902
620,620,75,371,0.4122222222222222,0.6831191479058251,0.0195507734163145,0.2973300786778602
621,636,69,314,0.3227132579650565,0.8382680818201611,0.0335886465045501,0.1281432716752889
622,516,77,255,0.27960526315789475,0.0901503532951753,0.8970033489284449,0.0128462977763796
623,629,74,400,0.45454545454545453,0.4640192300204084,0.5229569771860685,0.0130237927935229
624,698,84,464,0.5242937853107345,0.4515354578215701,0.0902995062837825,0.4581650358946472
625,674,87,549,0.7074742268041238,0.2587398382448779,0.4298774114541273,0.3113827503009947
626,673,82,515,0.6365883807169345,0.3594748392105021,0.4275528731437832,0.2129722876457146
627,740,85,544,0.6422668240850059,0.3654524361908347,0.2183375987983547,0.4162099650108105
628,579,84,375,0.43859649122807015,0.2031074734125436,0.6204039828537092,0.1764885437337472
629,679,75,447,0.5062287655719139,0.6014877344968796,0.1547092113820751,0.2438030541210452
630,682,84,556,0.7155727155727156,0.2952495739327752,0.4160082996371701,0.2887421264300547
631,588,73,372,0.4290657439446367,0.3431241308024588,0.6090874366890763,0.0477884325084648
632,589,81,390,0.4588235294117647,0.2638679192596728,0.5880515723392085,0.1480805084011187
633,782,99,456,0.46673490276356194,0.0379263689126567,0.2459626575361807,0.7161109735511624
634,709,84,478,0.5419501133786848,0.4154507326457402,0.1134040571273775,0.4711452102268821
635,608,74,348,0.38199780461031835,0.7446583993627703,0.0044351788572031,0.2509064217800266
636,590,73,376,0.4346820809248555,0.338217057224077,0.604371710362269,0.0574112324136538
637,646,89,492,0.6111801242236025,0.1518429859913412,0.4952648342246226,0.352892179784036
638,755,87,523,0.5922989807474519,0.3185304050076368,0.1882825775107159,0.4931870174816473
639,654,77,394,0.43249176728869376,0.6717059858763476,0.1029055707769498,0.2253884433467025
640,770,99,463,0.48329853862212946,0.0195710414766587,0.3353506275483187,0.6450783309750225
641,596,94,420,0.5078597339782346,0.0519574939759275,0.5846884598901106,0.3633540461339616
642,698,74,473,0.5399543378995434,0.5033351420132898,0.3656293851986069,0.1310354727881032
643,604,78,403,0.47300469483568075,0.3506686640883155,0.5563261322868759,0.0930052036248087
644,762,92,441,0.4537037037037037,0.2499520897548564,0.0500619053100309,0.6999860049351125
645,674,87,542,0.6922094508301405,0.2512751048658432,0.443351095667904,0.3053737994662529
646,707,86,582,0.75,0.3476256129611038,0.3721986063298533,0.2801757807090428
647,594,74,380,0.4393063583815029,0.3366703361096835,0.5996480479194676,0.063681615970849
648,528,77,303,0.3458904109589041,0.1967171833079724,0.7742945175016096,0.0289882991904179
649,721,85,606,0.7911227154046997,0.3545705011240782,0.3282531807384123,0.3171763181375095
650,759,95,422,0.4271255060728745,0.1223092440843177,0.086116789557457,0.7915739663582252
651,524,78,293,0.3321995464852608,0.1814072197965142,0.7906924926043134,0.0279002875991725
652,668,72,381,0.40618336886993606,0.6902067217177431,0.1397247652135477,0.1700685130687092
653,700,75,447,0.4944690265486726,0.5999996803997203,0.2033351919279587,0.196665127672321
654,598,93,401,0.47287735849056606,0.006982487898879,0.6034829755195209,0.3895345365816001
655,747,96,400,0.40080160320641284,0.1524141503982904,0.0025700785739263,0.8450157710277831
656,763,98,473,0.5026567481402763,0.1227668357167391,0.2074760902147635,0.6697570740684973
657,687,75,447,0.5016835016835017,0.6060732397597136,0.1673527912216682,0.2265739690186181
658,729,84,519,0.6027874564459931,0.4050058891780471,0.1657058193828869,0.429288291439066
659,691,75,463,0.5267349260523322,0.5737485663341754,0.1827981011109586,0.2434533325548658
660,701,79,526,0.6368038740920097,0.4278448688591916,0.3691959539220437,0.2029591772187645
661,773,96,439,0.44568527918781725,0.0443911717494739,0.1728673725083211,0.7827414557422049
662,683,70,355,0.3626149131767109,0.7251402939321289,0.193851201081591,0.0810085049862802
663,507,81,251,0.27673649393605293,0.0358333525680688,0.8919112185868142,0.072255428845117
664,650,71,356,0.37671957671957673,0.7287652148876812,0.0977307354699439,0.1735040496423746
665,709,93,494,0.5704387990762124,0.0886970288797434,0.4306374012001561,0.4806655699201004
666,645,79,467,0.5633293124246079,0.3201070062442667,0.4905670714105352,0.1893259223451981
667,761,92,458,0.480083857442348,0.2759205655027369,0.0836484180710899,0.640431016426173
668,702,82,481,0.551605504587156,0.4689592755364625,0.1221633628932835,0.4088773615702539
669,512,79,272,0.3052749719416386,0.0521331705451992,0.8183283534812607,0.1295384759735401
670,653,71,315,0.3185035389282103,0.8112299733064154,0.0846545651567934,0.1041154615367909
671,701,69,328,0.3203125,0.7616802905940809,0.2162644173887523,0.0220552920171667
672,773,97,446,0.4560327198364008,0.0430879204114767,0.2035333698051685,0.7533787097833547
673,748,96,500,0.5561735261401557,0.1198378807616151,0.3240138365163502,0.5561482827220346
674,762,91,442,0.4552008238928939,0.2515267655676072,0.0507742964351968,0.697698937997196
675,775,98,459,0.47466390899689764,0.0648486150578927,0.2316204846176496,0.7035309003244575
676,718,78,519,0.6105882352941177,0.4891054783410448,0.2809967744278254,0.2298977472311298
677,559,79,345,0.3988439306358382,0.1585377719570357,0.6706392702831091,0.1708229577598552
678,771,94,477,0.5047619047619047,0.23625609167385,0.1444394377897646,0.6193044705363853
679,674,69,372,0.39034627492130114,0.6391708227362115,0.3371006979900438,0.0237284792737446
680,688,70,362,0.3705220061412487,0.6700519182913697,0.2973171058802665,0.0326309758283638
681,545,77,322,0.3684210526315789,0.2184303441876154,0.7186159313638426,0.062953724448542
682,652,71,321,0.3268839103869654,0.806176950820421,0.0785099753192525,0.1153130738603266
683,594,92,433,0.5332512315270936,0.1295882282465398,0.5626670416497118,0.3077447301037485
684,535,85,311,0.3554285714285714,0.0675037967077014,0.7352772892812176,0.1972189140110809
685,569,80,359,0.4169570267131243,0.1983437082492102,0.6424974041139516,0.159158887636838
686,737,85,531,0.6196032672112018,0.3788235985481184,0.1878874948524534,0.433288906599428
687,693,76,438,0.48344370860927155,0.6216688646304797,0.1668708560094875,0.2114602793600327
688,546,75,322,0.368,0.269823914772976,0.712093841923457,0.0180822433035668
689,754,94,514,0.5768799102132436,0.2007176737398831,0.2632812182558048,0.536001108004312
690,690,70,344,0.34503510531594783,0.6947785044296853,0.2928113983039043,0.0124100972664105
691,680,84,538,0.6784363177805801,0.3237646943881966,0.4271597635004898,0.2490755421113135
692,655,87,516,0.6531645569620254,0.2197604667695768,0.4744476204673383,0.3057919127630847
693,642,84,489,0.6082089552238806,0.2525918662335371,0.4833429667585343,0.2640651670079286
694,604,83,411,0.48696682464454977,0.2588469370128016,0.5626938012008328,0.1784592617863656
695,666,91,500,0.6119951040391677,0.1268862505259587,0.4720180827631678,0.4010956667108733
696,742,94,541,0.6349765258215962,0.2214871326930896,0.3016796922314625,0.4768331750754478
697,534,77,305,0.3465909090909091,0.1902149305909292,0.7600620374300638,0.0497230319790069
698,573,80,361,0.4183082271147161,0.2447235728500441,0.6353189791189128,0.1199574480310431
699,698,79,486,0.5631517960602549,0.5292718076464146,0.1776645812425495,0.293063611111036
700,571,88,351,0.40298507462686567,0.115807804490912,0.6649096681581457,0.2192825273509422
701,599,95,434,0.5318627450980392,0.0828876261511433,0.5625984023374303,0.3545139715114265
702,720,86,481,0.5404494382022472,0.3797431713408415,0.112633817988604,0.5076230106705545
703,775,93,492,0.5267665952890792,0.2337891125269621,0.1665783445574526,0.5996325429155853
704,747,96,403,0.4050251256281407,0.124115858062961,0.0297956415355586,0.8460885004014802
705,673,72,370,0.38784067085953877,0.7107962587000463,0.1392661103622904,0.1499376309376633
706,540,85,315,0.3595890410958904,0.0561453430137754,0.7286646437391662,0.2151900132470583
707,653,72,378,0.408207343412527,0.6918164847303808,0.1156612004588029,0.1925223148108162
708,679,68,332,0.33266533066132264,0.7635693811504074,0.160737973809814,0.0756926450397784
709,590,80,388,0.4548651817116061,0.2718806863585271,0.5904921786960712,0.1376271349454017
710,734,85,599,0.7620865139949109,0.376959102107298,0.2917923018727838,0.3312485960199182
711,715,86,599,0.7809647979139505,0.3369583830930699,0.3597666631190786,0.3032749537878515
712,661,69,386,0.4168466522678186,0.5822490803734066,0.4074162581633969,0.0103346614631964
713,588,71,370,0.42577675489067895,0.3560322265305809,0.6134638459095773,0.0305039275598419
714,768,95,457,0.47505197505197505,0.1665291303659213,0.1420536567172664,0.6914172129168124
715,533,86,304,0.34545454545454546,0.0312965813802654,0.7584327541988878,0.2102706644208468
716,768,99,471,0.49683544303797467,0.1302753504004589,0.1918711727279289,0.6778534768716122
717,552,78,334,0.38434982738780205,0.1865237122446928,0.6783822360120102,0.135094051743297
718,706,83,494,0.5724217844727694,0.4516147498680949,0.1459854106127587,0.4023998395191462
719,764,94,440,0.4512820512820513,0.181534172911137,0.0968395674675934,0.7216262596212696
720,716,83,501,0.5785219399538106,0.4384840832363278,0.1498923766350651,0.4116235401286071
721,640,89,488,0.6077210460772104,0.1771846092654602,0.5044630279710098,0.3183523627635298
722,563,86,350,0.4050925925925926,0.0647740075535009,0.6742289967328398,0.2609969957136593
723,614,78,413,0.4847417840375587,0.347911727565066,0.5434993871001451,0.1085888853347888
724,712,85,448,0.4896174863387978,0.3976224795792161,0.0519801122946955,0.5503974081260883
725,601,95,434,0.530562347188264,0.0768815406454296,0.5599242174026676,0.3631942419519027
726,629,76,379,0.42064372918978915,0.678420033385503,0.0464869872317615,0.2750929793827354
727,763,98,479,0.5122994652406417,0.1392878873630796,0.218698530703662,0.6420135819332583
728,766,91,478,0.5090521831735889,0.2645622501372008,0.1410426901170756,0.5943950597457235
729,681,71,363,0.3746130030959752,0.7225871275338271,0.1642758949436444,0.1131369775225285
730,510,80,265,0.29575892857142855,0.0612184625442481,0.8372228666653017,0.1015586707904501
731,768,98,492,0.5307443365695793,0.1108083443617018,0.2904340800894899,0.5987575755488083
732,704,76,489,0.5646651270207852,0.5304522185353329,0.2109015757234745,0.2586462057411928
733,695,68,323,0.31573802541544477,0.7524469770779396,0.2434383830633585,0.0041146398587019
734,659,71,410,0.45555555555555555,0.5449615209451988,0.4407365768891652,0.0143019021656361
735,602,80,409,0.48459715639810425,0.3140173761151389,0.5560557787477436,0.1299268451371175
736,747,87,579,0.706959706959707,0.339342883426694,0.2657476474612031,0.3949094691121029
737,749,90,483,0.5267175572519084,0.3077187008730111,0.133753373743886,0.5585279253831029
738,757,95,499,0.5489548954895489,0.138222766066806,0.2930361468872561,0.5687410870459378
739,640,68,268,0.2619745845552297,0.9432994628087912,0.0253866767853978,0.0313138604058109
740,604,96,429,0.5193704600484261,0.0550135061926031,0.5613097002439675,0.3836767935634292
741,643,78,414,0.47045454545454546,0.5799325066739729,0.0172592861511657,0.4028082071748613
742,567,81,352,0.4064665127020785,0.1709207238698716,0.6586791551729713,0.1704001209571571
743,670,71,345,0.35348360655737704,0.7480102896958695,0.1526958917337285,0.0992938185704019
744,681,75,445,0.5016910935738444,0.6064795640721334,0.1551314553416953,0.2383889805861712
745,764,97,495,0.5380434782608695,0.1226549709622233,0.2921607199541643,0.5851843090836122
746,698,79,496,0.5814771395076201,0.4624175681259682,0.3850287358008994,0.1525536960731324
747,645,72,405,0.45454545454545453,0.507081330065949,0.4862160745519543,0.0067025953820964
748,642,74,363,0.3903225806451613,0.7275005321234366,0.0632500037742429,0.2092494641023203
749,680,71,426,0.4707182320441989,0.5607039698426413,0.3664430802084199,0.0728529499489387
750,627,84,454,0.5509708737864077,0.2305858945498685,0.5232656331213426,0.246148472328789
751,758,97,418,0.42179616548940463,0.1030548275630002,0.0893786415843333,0.8075665308526664
752,586,91,383,0.4484777517564403,0.1370527690722862,0.6228253833094249,0.2401218476182888
753,635,81,453,0.5438175270108043,0.2922099893142351,0.513063344311072,0.1947266663746929
754,734,90,585,0.73125,0.2821736961381095,0.321286320899686,0.3965399829622044
755,724,84,497,0.5660592255125285,0.4035554620821018,0.1438911069753624,0.4525534309425357
756,654,69,293,0.28952569169960474,0.8809635907819312,0.0648396351084973,0.0541967741095715
757,506,79,246,0.270032930845225,0.0156382184665735,0.9163153680887204,0.0680464134447062
758,741,99,466,0.5032397408207343,0.0242382787567225,0.4034163503359896,0.5723453709072879
759,689,82,526,0.6461916461916462,0.3943181280561457,0.3970195953141383,0.2086622766297159
760,739,90,559,0.6726835138387485,0.2564316094894773,0.2920145124349902,0.4515538780755325
761,558,76,346,0.40092699884125144,0.2560029209349327,0.6639316608164911,0.0800654182485761
762,698,71,352,0.3530591775325978,0.6954649668139773,0.2801354804790962,0.0243995527069265
763,502,80,254,0.2825361512791991,0.0024737354159958,0.8801257570755803,0.1174005075084238
764,689,93,503,0.6009557945041816,0.1159307331882058,0.4403517730325159,0.4437174937792782
765,710,79,519,0.6163895486935868,0.4471815998383559,0.3559282114333268,0.1968901887283171
766,623,79,444,0.5349397590361445,0.3023319534569859,0.5201543378448543,0.1775137086981598
767,700,80,494,0.5764294049008168,0.471283440116857,0.161530681920951,0.3671858779621919
768,710,83,492,0.5661680092059839,0.4479877600900649,0.1378918976052516,0.4141203423046834
769,749,90,458,0.4861995753715499,0.3022986598696667,0.0712395997068183,0.626461740423515
770,566,78,357,0.41511627906976745,0.2240501670106503,0.6439478842772015,0.1320019487121482
771,586,93,401,0.4796650717703349,0.0413122851250283,0.6192463205096814,0.3394413943652904
772,695,87,576,0.7480519480519481,0.3065968119297346,0.3926703737973772,0.3007328142728881
773,761,97,486,0.5248380129589633,0.1430534067601076,0.2336123020228242,0.6233342912170682
774,635,84,468,0.5721271393643031,0.2299944232786098,0.5101901338414722,0.259815442879918
775,768,98,458,0.47658688865764826,0.0315710756195027,0.2906805725076666,0.6777483518728306
776,669,79,440,0.5,0.5853384924790088,0.1062252321799876,0.3084362753410033
777,748,85,561,0.6694510739856802,0.3256438182078314,0.2494216144475065,0.424934567344662
778,679,69,385,0.4074074074074074,0.6163740328940105,0.3709229691311181,0.0127029979748713
779,700,76,489,0.5672853828306265,0.5324940453808142,0.202322792179927,0.2651831624392587
780,697,79,511,0.6105137395459976,0.4481393449874968,0.3682263745652308,0.1836342804472723
781,633,75,419,0.484393063583815,0.4391297778664237,0.5035621590408077,0.0573080630927686
782,516,77,256,0.2810098792535675,0.0937125038578945,0.8888615592135622,0.0174259369285432
783,674,69,403,0.4370932754880694,0.5812979412213068,0.3837711029999186,0.0349309557787746
784,759,97,390,0.38235294117647056,0.0646051955845137,0.0171329977267232,0.9182618066887632
785,650,77,399,0.442350332594235,0.6646748179046952,0.0949537199408632,0.2403714621544415
786,691,72,425,0.46346782988004365,0.5911659783778355,0.315088292498519,0.0937457291236454
787,687,72,391,0.41288278775079196,0.6445191006444102,0.2653224941049282,0.0901584052506616
788,702,84,448,0.4950276243093923,0.4215257343969109,0.0559430737916729,0.5225311918114162
789,665,87,531,0.6764331210191082,0.2432677348412511,0.4590396664936965,0.2976925986650522
790,679,70,310,0.30392156862745096,0.8142463369220776,0.1494875459152106,0.0362661171627116
791,701,87,555,0.6963613550815558,0.2167971002577038,0.4097479021711213,0.3734549975711748
792,668,72,448,0.5143513203214696,0.494158830246256,0.429436044687626,0.0764051250661178
793,762,89,543,0.6241379310344828,0.2981252713525226,0.2311547487606818,0.4707199798867955
794,572,91,386,0.46117084826762245,0.0223803145742465,0.6339574389113549,0.3436622465143985
795,564,90,370,0.4378698224852071,0.0192324596801139,0.6513486406424178,0.3294188996774682
796,690,72,449,0.5033632286995515,0.5430298095879709,0.3469021854783549,0.1100680049336742
797,665,96,463,0.5427901524032825,0.0521944079986308,0.490195787650424,0.4576098043509452
798,622,95,450,0.5467800729040098,0.0685005600371355,0.5431291229965503,0.3883703169663141
799,665,72,354,0.367983367983368,0.7409399924031319,0.1222013258495437,0.1368586817473243
800,682,78,482,0.5663924794359577,0.44945329127375,0.4232257951303086,0.1273209135959413
801,523,77,301,0.3447880870561283,0.1701976556339087,0.7701749020304219,0.0596274423356694
802,671,70,418,0.46238938053097345,0.5547533610319465,0.3954961166159371,0.0497505223521164
803,561,76,352,0.40930232558139534,0.2343080459745267,0.65369199105278,0.1119999629726932
804,640,94,479,0.5899014778325123,0.1048231773602469,0.5062973240246976,0.3888794986150554
805,617,96,448,0.5463414634146342,0.0785845151919121,0.5478990275864255,0.3735164572216624
806,678,76,417,0.45723684210526316,0.6420743311022549,0.1549014602818041,0.2030242086159412
807,650,80,492,0.6081582200247219,0.289642027177066,0.4745190621564032,0.2358389106665305
808,681,77,424,0.4669603524229075,0.6381470958243705,0.1523595707647505,0.2094933334108789
809,631,96,458,0.5558252427184466,0.0729695967893512,0.5242752589318204,0.4027551442788284
810,682,70,354,0.3615934627170582,0.7335361127220684,0.1705787134742599,0.0958851738036715
811,657,68,273,0.263768115942029,0.9241020528741274,0.0562668890680849,0.0196310580577877
812,551,76,333,0.383199079401611,0.207053062862821,0.6882834960244013,0.1046634411127778
813,725,91,567,0.7008652657601978,0.2504119817665223,0.3352253775174959,0.4143626407159816
814,731,83,566,0.6936274509803921,0.4230943362891892,0.2608455805683689,0.3160600831424418
815,764,94,507,0.5583700440528634,0.223616476636394,0.2175624117610706,0.5588211116025353
816,683,72,420,0.45951859956236324,0.5807680024842014,0.343453438208916,0.0757785593068825
817,665,70,298,0.29273084479371314,0.8516090502914493,0.102059729260136,0.0463312204484147
818,629,75,361,0.3928182807399347,0.723539509427131,0.0401380512195397,0.2363224393533292
819,723,88,459,0.5016393442622951,0.3596234828029874,0.0716077423293248,0.5687687748676877
820,669,96,461,0.5366705471478463,0.0358756578491109,0.49504878917318,0.4690755529777091
821,708,84,476,0.5390713476783692,0.4450979214777291,0.1138654895081218,0.4410365890141491
822,773,100,474,0.49894736842105264,0.0623813186525232,0.2832948657930864,0.6543238155543903
823,771,94,471,0.4952681388012618,0.1718000847044861,0.1641345189491486,0.6640653963463651
824,716,89,571,0.7173366834170855,0.2466588944038356,0.3610672641662312,0.3922738414299331
825,781,100,459,0.47173689619732784,0.0491927524699203,0.2416432080778065,0.7091640394522732
826,721,80,532,0.6333333333333333,0.4618493646089411,0.3071967548234017,0.2309538805676572
827,758,96,399,0.39504950495049507,0.0773501872703648,0.0470279635883921,0.875621849141243
828,679,83,525,0.6521739130434783,0.3637100311171304,0.4153808913246633,0.2209090775582062
829,691,70,334,0.33134920634920634,0.7581140480212953,0.2071907065418438,0.0346952454368606
830,724,83,532,0.631079478054567,0.4358483730629506,0.2032102859917394,0.3609413409453099
831,684,72,390,0.4126984126984127,0.6455162032037902,0.2697098867665834,0.0847739100296264
832,759,94,425,0.43147208121827413,0.130927335660811,0.0909463881138345,0.7781262762253545
833,694,80,480,0.5549132947976878,0.4811055544379873,0.1275820108727166,0.391312434689296
834,515,78,263,0.2912513842746401,0.0954195553415285,0.8467507358832199,0.0578297087752515
835,675,70,326,0.326,0.779589169878156,0.1517781668063746,0.0686326633154695
836,776,97,446,0.454638124362895,0.0285519888180244,0.2143750655061501,0.7570729456758255
837,715,81,532,0.6378896882494005,0.4652130910336743,0.2425039388743655,0.2922829700919601
838,757,91,423,0.4294416243654822,0.23316460872103,0.0284762156929419,0.738359175586028
839,525,77,300,0.3424657534246575,0.1735773117978507,0.7748793278058361,0.0515433603963133
840,649,88,500,0.625,0.1841833967605929,0.4903237058183314,0.3254928974210756
841,694,73,452,0.5061590145576708,0.5502024740229993,0.3205621149157723,0.1292354110612283
842,543,84,317,0.3614595210946408,0.1093352255196986,0.7148145365085645,0.175850237971737
843,763,96,401,0.39585389930898324,0.0508090855321819,0.0599065035091262,0.8892844109586918
844,683,81,440,0.49217002237136465,0.471662576793699,0.0493049086071894,0.4790325145991115
845,660,70,416,0.464804469273743,0.5475564896688095,0.4155875996853855,0.036855910645805
846,709,78,509,0.5981198589894242,0.5048334115472363,0.2319441396433477,0.2632224488094159
847,619,95,430,0.5119047619047619,0.0373198621156493,0.5571005292127855,0.405579608671565
848,682,69,382,0.40168243953732913,0.6355051923520898,0.3175032959994865,0.0469915116484235
849,522,79,283,0.31797752808988766,0.1659974692361391,0.8142430905175034,0.0197594402463576
850,613,82,436,0.5265700483091788,0.2069904416168969,0.5462691039700853,0.2467404544130177
851,731,86,587,0.7383647798742138,0.4045802184673706,0.3038415642567152,0.2915782172759141
852,735,86,580,0.7196029776674938,0.4058830947954308,0.2687906361620705,0.3253262690424988
853,548,76,325,0.3718535469107552,0.2357966676275852,0.7054277802889866,0.0587755520834282
854,525,86,302,0.34553775743707094,0.0783966884198718,0.7631670732946138,0.1584362382855144
855,767,99,478,0.5085106382978724,0.0766795586401515,0.2860051464635044,0.637315294896344
856,519,77,257,0.28148959474260676,0.0856554466627043,0.8795693978755821,0.0347751554617136
857,685,85,549,0.6975857687420585,0.3427083472166928,0.4069624578831368,0.2503291949001703
858,715,96,504,0.5846867749419954,0.1158191025954552,0.4091532465311235,0.4750276508734214
859,653,88,502,0.6259351620947631,0.1734190578726316,0.4838047965999655,0.3427761455274029
860,689,73,368,0.3786008230452675,0.6805557161686066,0.263091282320828,0.0563530015105653
861,603,91,444,0.5481481481481482,0.153349656876271,0.5507794190824213,0.2958709240413076
862,741,95,515,0.5872291904218928,0.1418985912678584,0.3556357054310986,0.5024657033010429
863,768,94,480,0.5111821086261981,0.1706265532730789,0.1830385819019629,0.646334864824958
864,567,87,357,0.4146341463414634,0.0644741708085806,0.6677097162644636,0.2678161129269556
865,617,77,374,0.41834451901565994,0.6622197202190866,0.0040200311427395,0.3337602486381738
866,714,85,589,0.759020618556701,0.3713759858051833,0.3425330600134175,0.286090954181399
867,574,87,365,0.42441860465116277,0.0844610300599752,0.6529774965845531,0.2625614733554717
868,729,86,610,0.7922077922077922,0.3252371996933446,0.3251452770732648,0.3496175232333906
869,715,96,482,0.5452488687782805,0.0576219526153257,0.4321799080823593,0.5101981393023151
870,766,95,429,0.4342105263157895,0.0802794294987825,0.1408743459569537,0.7788462245442638
871,763,95,484,0.5204301075268817,0.1745435283176726,0.199219073031098,0.6262373986512294
872,717,77,501,0.5778546712802768,0.4991422278060788,0.3109643688148338,0.1898934033790873
873,761,94,424,0.4291497975708502,0.1402420491129578,0.0747030538460284,0.7850548970410138
874,572,91,383,0.45595238095238094,0.0212762076860694,0.6393153477959774,0.3394084445179532
875,669,74,399,0.43322475570032576,0.6609684767206365,0.1533973103769925,0.1856342129023709
876,618,82,432,0.5161290322580645,0.2633867097199648,0.5399406469924818,0.1966726432875533
877,686,72,432,0.47734806629834253,0.5623543500936389,0.3527035026914085,0.0849421472149527
878,702,74,473,0.5375,0.5223559125520009,0.3331373715466622,0.1445067159013368
879,688,72,458,0.5198637911464246,0.5156752346651158,0.3873644861437603,0.096960279191124
880,652,75,388,0.4240437158469945,0.6814179111958629,0.1109233444521891,0.207658744351948
881,759,96,424,0.4300202839756592,0.112973914041236,0.1080153970288487,0.7790106889299153
882,581,83,374,0.4358974358974359,0.2167941697296696,0.6156337802088913,0.1675720500614391
883,716,83,518,0.6101295641931684,0.4341379922063041,0.1785490620576669,0.3873129457360288
884,641,97,432,0.5023255813953489,0.0093324903334956,0.5389684707976866,0.4516990388688177
885,763,95,431,0.43845371312309256,0.1469144191410083,0.0942557080898625,0.7588298727691293
886,741,90,460,0.49356223175965663,0.3176691435326719,0.0745365587846,0.607794297682728
887,530,76,305,0.3481735159817352,0.1989495901471283,0.7677409839681949,0.0333094258846768
888,765,96,429,0.43465045592705165,0.1045169383616771,0.1242169844053576,0.7712660772329653
889,627,80,443,0.5305389221556887,0.2807480896173933,0.5217507679894929,0.1975011423931138
890,745,96,539,0.6289381563593932,0.2147733092968108,0.2983851471511083,0.4868415435520809
891,664,68,268,0.2559694364851958,0.9433345434331502,0.0529480157956384,0.0037174407712114
892,628,75,360,0.39173014145810664,0.7310713627619271,0.0348900664844751,0.2340385707535978
893,748,97,398,0.39760239760239763,0.1139790104300804,0.0150305419975953,0.8709904475723241
894,680,82,429,0.47560975609756095,0.4493593765001052,0.0154842910864401,0.5351563324134547
895,671,70,432,0.4853932584269663,0.5375931743552664,0.3984175009791471,0.0639893246655866
896,739,85,533,0.6219369894982497,0.363519074693905,0.1968766392339138,0.4396042860721811
897,693,87,576,0.75,0.3052733965118886,0.3909158510548149,0.3038107524332964
898,748,89,493,0.5441501103752759,0.3282438296124333,0.1416075320142931,0.5301486383732734
899,723,87,435,0.46325878594249204,0.3383436403426886,0.0225822538001223,0.6390741058571889
900,663,79,433,0.49148694665153236,0.5254427945032065,0.0327021470285104,0.441855058468283
901,757,95,508,0.5644444444444444,0.1886582527721325,0.2547300887953926,0.5566116584324748
902,669,96,447,0.5120274914089347,0.0032706432790483,0.4930302768833772,0.5036990798375744
903,766,98,460,0.48066875653082547,0.104384311866043,0.1871642757800998,0.7084514123538572
904,628,73,399,0.45340909090909093,0.4597495574720373,0.5288144044261789,0.0114360381017839
905,763,99,479,0.5122994652406417,0.0583334085993388,0.3432058009588716,0.5984607904417895
906,524,78,298,0.33979475484606614,0.1723320831164245,0.780904560091789,0.0467633567917865
907,682,80,460,0.5269186712485682,0.5017626517399032,0.0999758779120684,0.3982614703480283
908,548,79,332,0.3829296424452134,0.1767106873188936,0.6814789347319619,0.1418103779491444
909,742,90,453,0.4819148936170213,0.3065281331719196,0.064157430710227,0.6293144361178533
910,681,68,310,0.30332681017612523,0.8046756933188245,0.1751359339753098,0.0201883727058655
911,596,69,373,0.4267734553775744,0.3856982047212466,0.6048164591119513,0.0094853361668021
912,697,93,497,0.5840188014101058,0.104379678533431,0.4323611859275233,0.4632591355390456
913,650,75,384,0.4187568157033806,0.6868523589965689,0.1083144159042882,0.2048332250991429
914,697,69,338,0.3346534653465347,0.7323284091343248,0.2503585011096737,0.0173130897560014
915,640,71,329,0.341995841995842,0.8055956286012474,0.0612748143783042,0.1331295570204483
916,517,80,275,0.3079507278835386,0.0107117036435629,0.8122528565783715,0.1770354397780654
917,705,79,507,0.5971731448763251,0.4864106386045656,0.1967223996318343,0.3168669617636
918,645,71,364,0.3905579399141631,0.7260675460674235,0.0690911658494418,0.2048412880831345
919,710,79,523,0.6241050119331742,0.4689570537715407,0.215560347650555,0.3154825985779041
920,652,67,267,0.2577220077220077,0.9572076872523406,0.0318570548045947,0.0109352579430646
921,676,80,452,0.5165714285714286,0.5066762541195026,0.0853448068068155,0.4079789390736818
922,705,76,468,0.527027027027027,0.5438214479183336,0.2713363832694594,0.1848421688122068
923,762,92,444,0.4582043343653251,0.2565117014976927,0.0492537790213431,0.6942345194809642
924,781,100,461,0.4747682801235839,0.0532675047734142,0.2537384354833378,0.692994059743248
925,756,94,513,0.5738255033557047,0.2631792337908965,0.2086230384228851,0.5281977277862183
926,763,96,492,0.5336225596529284,0.1814998282139379,0.218186103678541,0.6003140681075209
927,550,86,351,0.41294117647058826,0.0406047037602147,0.680118142032934,0.2792771542068513
928,679,88,551,0.7073170731707317,0.2429933090819775,0.4304903822643213,0.3265163086537011
929,754,90,548,0.6394399066511085,0.2910407379420809,0.2460774836025868,0.4628817784553322
930,636,79,404,0.4575311438278596,0.5885793957724197,0.003680570317097,0.4077400339104832
931,661,78,424,0.4774774774774775,0.6147971935409628,0.0720920056049527,0.3131108008540843
932,510,78,267,0.2986577181208054,0.0484016996669184,0.8312016736050342,0.1203966267280474
933,731,86,592,0.7493670886075949,0.3946020654164277,0.301083452684627,0.3043144818989451
934,693,75,454,0.5101123595505618,0.5944214919415716,0.1748456966232816,0.2307328114351467
935,770,97,470,0.4942166140904311,0.1519136118703052,0.1720489295171769,0.676037458612518
936,586,70,365,0.41857798165137616,0.3711536868952579,0.6154879346093433,0.0133583784953988
937,755,96,394,0.3893280632411067,0.0771373863181226,0.0301858635322787,0.8926767501495985
938,508,81,249,0.27362637362637365,0.0301473527043089,0.9012285148249328,0.0686241324707582
939,683,69,340,0.3420523138832998,0.7449790511832342,0.1965869212293564,0.0584340275874094
940,592,92,425,0.519559902200489,0.131977942246059,0.570907852512443,0.2971142052414979
941,505,77,262,0.2930648769574944,0.037935602210812,0.8432564086980371,0.1188079890911509
942,577,92,394,0.4724220623501199,0.0604823943583143,0.6252877027613527,0.314229902880333
943,767,92,473,0.5005291005291005,0.2646862551112761,0.1218133275278761,0.6135004173608477
944,741,87,581,0.7163995067817509,0.3047347942199742,0.2837645713221519,0.4115006344578739
945,731,83,542,0.6452380952380953,0.4336208170192899,0.2146276671552116,0.3517515158254983
946,641,80,456,0.5454545454545454,0.342884538766404,0.4983503622890951,0.158765098944501
947,687,74,463,0.5291428571428571,0.4939682473642472,0.4048382355887662,0.1011935170469865
948,719,76,501,0.5765247410817032,0.4990359197565873,0.3171253094522677,0.183838770791145
949,666,68,276,0.26512968299711814,0.9174613669849188,0.0751312404647771,0.0074073925503041
950,674,77,445,0.5056818181818182,0.5948287743769737,0.1317791217536209,0.2733921038694052
951,685,78,460,0.5251141552511416,0.5686075860262155,0.1384317620095043,0.29296065196428
952,757,97,385,0.3763440860215054,0.0587220656903545,0.009800959843929,0.9314769744657164
953,768,95,428,0.4318869828456105,0.0408180127967334,0.1537346632332849,0.8054473239699815
954,665,78,431,0.48700564971751414,0.60457128141134,0.0887180565594244,0.3067106620292355
955,658,79,432,0.4925883694412771,0.532178650937984,0.0351958334237116,0.4326255156383043
956,690,83,441,0.49,0.4533828116231232,0.041708448909485,0.5049087394673917
957,733,88,426,0.44467640918580376,0.3072616959380786,0.0101345294675587,0.6826037745943626
958,664,71,321,0.32293762575452717,0.7950393781189585,0.1237976655933483,0.081162956287693
959,703,74,460,0.5145413870246085,0.558170630855922,0.2733071663229177,0.1685222028211604
960,534,87,304,0.34506242905788875,0.055986653889886,0.7599572845504079,0.1840560615597059
961,617,67,299,0.30856553147574817,0.8724412155496695,0.0022294712946097,0.1253293131557206
962,670,80,517,0.6430348258706468,0.3250768233001396,0.4391389464540513,0.235784230245809
963,762,96,415,0.41583166332665333,0.0573292646602145,0.1220490833869175,0.8206216519528678
964,656,70,401,0.44260485651214126,0.5597819393215027,0.415121525670743,0.0250965350077542
965,627,76,376,0.41685144124168516,0.680971464632658,0.0295964056549027,0.2894321297124392
966,593,79,402,0.47743467933491684,0.3104760237008762,0.5684290548689389,0.1210949214301847
967,651,86,511,0.6460176991150443,0.2156382827402764,0.4790582177624101,0.3053034994973134
968,763,91,498,0.5436681222707423,0.2596403333844718,0.169602854468279,0.5707568121472492
969,762,92,443,0.45670103092783504,0.1940191428852101,0.0948813036566424,0.7110995534581476
970,722,78,506,0.5836216839677048,0.4905730796195314,0.3101785450981202,0.1992483752823484
971,707,86,583,0.752258064516129,0.3550012973303651,0.3632938434832759,0.2817048591863588
972,750,85,566,0.6778443113772455,0.3208687740821801,0.2557794391445613,0.4233517867732586
973,754,88,506,0.5628476084538376,0.2917363460817616,0.174264679742597,0.5339989741756413
974,666,84,525,0.6628787878787878,0.295253172670359,0.4494252471029719,0.2553215802266689
975,669,72,377,0.3997879109225875,0.6944922743239532,0.1401649427990327,0.1653427828770141
976,687,77,466,0.5344036697247706,0.5703338198627411,0.1638486352297382,0.2658175449075207
977,753,96,397,0.394240317775571,0.1050585439725472,0.0267315536123295,0.8682099024151231
978,641,68,279,0.2754195459032576,0.9153813030540708,0.0395721393907644,0.0450465575551648
979,708,75,464,0.5184357541899441,0.5530386191813165,0.2823334495141094,0.164627931304574
980,766,96,494,0.5352112676056338,0.1417447670413985,0.2536390821232914,0.60461615083531
981,685,95,479,0.558926487747958,0.0718162687268158,0.4646626351384281,0.4635210961347559
982,586,77,386,0.4535840188014101,0.2929049559313628,0.5926426596314882,0.1144523844371488
983,522,81,284,0.3194600674915636,0.0366076109972563,0.7948086265939044,0.1685837624088393
984,761,94,515,0.5741360089186176,0.2247694609150848,0.2344542994313233,0.5407762396535919
985,748,96,500,0.5561735261401557,0.1082622767927827,0.3483537796916144,0.5433839435156028
986,717,86,572,0.7185929648241206,0.3917210491116145,0.3482995791726427,0.2599793717157428
987,656,95,444,0.5144843568945539,0.0182723250438691,0.5079093778062849,0.4738182971498459
988,747,95,405,0.4078549848942598,0.143761887821068,0.0276930933659843,0.8285450188129476
989,677,76,470,0.5477855477855478,0.4559474469219692,0.4279341792244281,0.1161183738536026
990,756,100,481,0.519438444924406,0.0727980751939526,0.3330154999572396,0.5941864248488077
991,768,95,425,0.4275653923541248,0.0264423503383729,0.1559937099571459,0.817563939704481
992,761,94,504,0.5550660792951542,0.2510504926610131,0.189478100654045,0.559471406684942
993,654,77,395,0.4340659340659341,0.6715794126739152,0.1006426285839506,0.2277779587421342
994,719,78,505,0.5838150289017341,0.5148023353900962,0.2523430574722311,0.2328546071376726
995,690,71,351,0.35454545454545455,0.7194753674651622,0.2387888364389052,0.0417357960959327
996,687,70,368,0.37938144329896906,0.6546752017678547,0.3187522345222812,0.0265725637098642
997,757,92,516,0.57847533632287,0.2741756716295731,0.1981371489724977,0.5276871793979291
998,592,70,379,0.4386574074074074,0.3561955297438235,0.5970829297938014,0.046721540462375
999,769,98,464,0.48535564853556484,0.1229700006138419,0.1790351817601957,0.6979948176259623
