match_id,event_component_id,event_date_utc,event_city_name,event_year,dominant_hazard,control_component_id,control_city_name,placebo_source_event_component_id,placebo_date_utc,placebo_source_event_year,placebo_source_rule,placebo_year_distance,placebo_month_distance,event_gpm_event_subset_precip_mm_est,control_gpm_event_subset_precip_mm_est,placebo_event_gpm_event_subset_precip_mm_est,observed_diff,placebo_diff,observed_minus_placebo_diff,placebo_status,event_country
4942|2020-01-21|Celaya,4942,2020-01-21,Celaya,2020,low_ceiling_1000m,6696,Matamoros,4942.0,2022-12-26,2022.0,same_control_component_hazard_cross_year_month_window,2.0,1.0,0.0,0.0,0.0,0.0,0.0,0.0,ok_control_day,México
4942|2020-01-21|Celaya,4942,2020-01-21,Celaya,2020,low_ceiling_1000m,4288,San Francisco del Rincón,4942.0,2022-12-26,2022.0,same_control_component_hazard_cross_year_month_window,2.0,1.0,0.0,0.0,0.0,0.0,0.0,0.0,ok_control_day,México
4942|2020-01-21|Celaya,4942,2020-01-21,Celaya,2020,low_ceiling_1000m,4134,Chihuahua,4942.0,2022-12-26,2022.0,same_control_component_hazard_cross_year_month_window,2.0,1.0,0.0,0.051111,0.0,-0.051111,-0.051111,0.0,ok_control_day,México
4942|2020-08-29|Celaya,4942,2020-08-29,Celaya,2020,low_ceiling_1000m,6696,Matamoros,4942.0,2021-09-02,2021.0,same_control_component_hazard_cross_year_month_window,1.0,1.0,0.0,0.0,0.0,0.0,0.0,0.0,ok_control_day,México
4942|2020-08-29|Celaya,4942,2020-08-29,Celaya,2020,low_ceiling_1000m,4288,San Francisco del Rincón,4942.0,2021-09-02,2021.0,same_control_component_hazard_cross_year_month_window,1.0,1.0,0.0,0.0,0.26,0.0,0.26,-0.26,ok_control_day,México
4942|2020-08-29|Celaya,4942,2020-08-29,Celaya,2020,low_ceiling_1000m,4134,Chihuahua,4942.0,2021-09-02,2021.0,same_control_component_hazard_cross_year_month_window,1.0,1.0,0.0,0.0,0.086111,0.0,0.086111,-0.086111,ok_control_day,México
4379|2020-07-08|Karadeniz Ereğli,4379,2020-07-08,Karadeniz Ereğli,2020,low_ceiling_1000m,3459,Yalova,4379.0,2020-06-15,2020.0,same_control_component_hazard_same_year_month_window,0.0,1.0,0.405556,0.0,0.0,0.405556,0.0,0.405556,ok_control_day,Turkey
4379|2020-07-08|Karadeniz Ereğli,4379,2020-07-08,Karadeniz Ereğli,2020,low_ceiling_1000m,4341,Düzce,4379.0,2020-06-15,2020.0,same_control_component_hazard_same_year_month_window,0.0,1.0,0.405556,0.0,1.791111,0.405556,1.791111,-1.385555,ok_control_day,Turkey
4379|2020-07-08|Karadeniz Ereğli,4379,2020-07-08,Karadeniz Ereğli,2020,low_ceiling_1000m,858,Tekirdağ,4379.0,2020-06-15,2020.0,same_control_component_hazard_same_year_month_window,0.0,1.0,0.405556,0.0,1.52,0.405556,1.52,-1.114444,ok_control_day,Turkey
4379|2020-06-15|Karadeniz Ereğli,4379,2020-06-15,Karadeniz Ereğli,2020,low_ceiling_1000m,3459,Yalova,4379.0,2020-07-08,2020.0,same_control_component_hazard_same_year_month_window,0.0,1.0,0.254444,0.0,0.0,0.254444,0.0,0.254444,ok_control_day,Turkey
4379|2020-06-15|Karadeniz Ereğli,4379,2020-06-15,Karadeniz Ereğli,2020,low_ceiling_1000m,4341,Düzce,4379.0,2020-07-08,2020.0,same_control_component_hazard_same_year_month_window,0.0,1.0,0.254444,1.791111,0.0,-1.536667,-1.791111,0.254444,ok_control_day,Turkey
4379|2020-06-15|Karadeniz Ereğli,4379,2020-06-15,Karadeniz Ereğli,2020,low_ceiling_1000m,858,Tekirdağ,4379.0,2020-07-08,2020.0,same_control_component_hazard_same_year_month_window,0.0,1.0,0.254444,1.52,0.0,-1.265556,-1.52,0.254444,ok_control_day,Turkey
175|2020-04-23|Điện Biên Phủ,175,2020-04-23,Điện Biên Phủ,2020,thunder_or_convective,1739,Phúc Yên,175.0,2021-05-01,2021.0,same_control_component_hazard_cross_year_month_window,1.0,1.0,0.0,0.065556,0.124444,-0.065556,0.058888,-0.124444,ok_control_day,Vietnam
175|2020-04-23|Điện Biên Phủ,175,2020-04-23,Điện Biên Phủ,2020,thunder_or_convective,5031,Trang Bang,175.0,2021-05-01,2021.0,same_control_component_hazard_cross_year_month_window,1.0,1.0,0.0,0.0,0.0,0.0,0.0,0.0,ok_control_day,Vietnam
175|2020-04-23|Điện Biên Phủ,175,2020-04-23,Điện Biên Phủ,2020,thunder_or_convective,3961,Uông Bí,,,,missing_control_day_donor,,,0.0,0.151667,,-0.151667,,,missing_placebo_or_control_metric,Vietnam
175|2020-08-15|Điện Biên Phủ,175,2020-08-15,Điện Biên Phủ,2020,thunder_or_convective,1739,Phúc Yên,175.0,2021-07-28,2021.0,same_control_component_hazard_cross_year_month_window,1.0,1.0,0.826111,0.832778,0.088333,-0.006667,-0.744445,0.737778,ok_control_day,Vietnam
175|2020-08-15|Điện Biên Phủ,175,2020-08-15,Điện Biên Phủ,2020,thunder_or_convective,5031,Trang Bang,175.0,2021-07-28,2021.0,same_control_component_hazard_cross_year_month_window,1.0,1.0,0.826111,0.0,0.0,0.826111,0.0,0.826111,ok_control_day,Vietnam
175|2020-08-15|Điện Biên Phủ,175,2020-08-15,Điện Biên Phủ,2020,thunder_or_convective,3961,Uông Bí,175.0,2023-09-12,2023.0,same_control_component_hazard_cross_year_month_window,3.0,1.0,0.826111,0.010556,0.460556,0.815555,0.45,0.365555,ok_control_day,Vietnam
10954|2020-09-01|Giridih,10954,2020-09-01,Giridih,2020,thunder_or_convective,10132,Thanjavur,,,,missing_control_day_donor,,,2.820556,4.448333,,-1.627777,,,missing_placebo_or_control_metric,India
10954|2020-09-01|Giridih,10954,2020-09-01,Giridih,2020,thunder_or_convective,10080,Siltara,,,,missing_control_day_donor,,,2.820556,0.0,,2.820556,,,missing_placebo_or_control_metric,India
10954|2020-09-01|Giridih,10954,2020-09-01,Giridih,2020,thunder_or_convective,11432,Chandpara,,,,missing_control_day_donor,,,2.820556,0.748889,,2.071667,,,missing_placebo_or_control_metric,India
10954|2020-12-10|Giridih,10954,2020-12-10,Giridih,2020,low_vis_1km,10132,Thanjavur,,,,missing_control_day_donor,,,0.0,0.0,,0.0,,,missing_placebo_or_control_metric,India
10954|2020-12-10|Giridih,10954,2020-12-10,Giridih,2020,low_vis_1km,10080,Siltara,,,,missing_control_day_donor,,,0.0,0.0,,0.0,,,missing_placebo_or_control_metric,India
10954|2020-12-10|Giridih,10954,2020-12-10,Giridih,2020,low_vis_1km,11432,Chandpara,,,,missing_control_day_donor,,,0.0,0.0,,0.0,,,missing_placebo_or_control_metric,India
7672|2020-12-27|Zigong,7672,2020-12-27,Zigong,2020,fog,10851,Yangjiang,7672.0,2020-12-26,2020.0,same_control_component_hazard_same_year_month_window,0.0,0.0,0.0,0.0,0.0,0.0,0.0,0.0,ok_control_day,China
7672|2020-12-27|Zigong,7672,2020-12-27,Zigong,2020,fog,9653,Ningming,7672.0,2020-12-26,2020.0,same_control_component_hazard_same_year_month_window,0.0,0.0,0.0,0.0,0.0,0.0,0.0,0.0,ok_control_day,China
7672|2020-12-27|Zigong,7672,2020-12-27,Zigong,2020,fog,7775,Xingping,7672.0,2020-12-26,2020.0,same_control_component_hazard_same_year_month_window,0.0,0.0,0.0,0.057778,0.0,-0.057778,-0.057778,0.0,ok_control_day,China
7672|2020-12-26|Zigong,7672,2020-12-26,Zigong,2020,fog,10851,Yangjiang,7672.0,2020-12-27,2020.0,same_control_component_hazard_same_year_month_window,0.0,0.0,0.0,0.0,0.0,0.0,0.0,0.0,ok_control_day,China
7672|2020-12-26|Zigong,7672,2020-12-26,Zigong,2020,fog,9653,Ningming,7672.0,2020-12-27,2020.0,same_control_component_hazard_same_year_month_window,0.0,0.0,0.0,0.0,0.0,0.0,0.0,0.0,ok_control_day,China
7672|2020-12-26|Zigong,7672,2020-12-26,Zigong,2020,fog,7775,Xingping,7672.0,2020-12-27,2020.0,same_control_component_hazard_same_year_month_window,0.0,0.0,0.0,0.0,0.057778,0.0,0.057778,-0.057778,ok_control_day,China
10936|2020-09-01|Phusro,10936,2020-09-01,Phusro,2020,thunder_or_convective,9446,Kapri Kheda,,,,missing_control_day_donor,,,2.41,0.0,,2.41,,,missing_placebo_or_control_metric,India
10936|2020-09-01|Phusro,10936,2020-09-01,Phusro,2020,thunder_or_convective,11394,Chakdaha,,,,missing_control_day_donor,,,2.41,1.220556,,1.189444,,,missing_placebo_or_control_metric,India
10936|2020-09-01|Phusro,10936,2020-09-01,Phusro,2020,thunder_or_convective,10228,Mangalagiri,,,,missing_control_day_donor,,,2.41,0.402222,,2.007778,,,missing_placebo_or_control_metric,India
10936|2020-12-10|Phusro,10936,2020-12-10,Phusro,2020,low_vis_1km,9446,Kapri Kheda,,,,missing_control_day_donor,,,0.0,0.0,,0.0,,,missing_placebo_or_control_metric,India
10936|2020-12-10|Phusro,10936,2020-12-10,Phusro,2020,low_vis_1km,11394,Chakdaha,,,,missing_control_day_donor,,,0.0,0.0,,0.0,,,missing_placebo_or_control_metric,India
10936|2020-12-10|Phusro,10936,2020-12-10,Phusro,2020,low_vis_1km,10228,Mangalagiri,,,,missing_control_day_donor,,,0.0,0.0,,0.0,,,missing_placebo_or_control_metric,India
4263|2020-01-19|Rzeszów,4263,2020-01-19,Rzeszów,2020,fog,3850,Wołomin,,,,missing_control_day_donor,,,0.0,0.0,,0.0,,,missing_placebo_or_control_metric,Poland
4263|2020-01-19|Rzeszów,4263,2020-01-19,Rzeszów,2020,fog,3403,Bełchatów,4263.0,2024-12-02,2024.0,same_control_component_hazard_cross_year_month_window,4.0,1.0,0.0,0.0,0.0,0.0,0.0,0.0,ok_control_day,Poland
4263|2020-01-19|Rzeszów,4263,2020-01-19,Rzeszów,2020,fog,3068,Częstochowa,4263.0,2024-12-02,2024.0,same_control_component_hazard_cross_year_month_window,4.0,1.0,0.0,0.0,0.0,0.0,0.0,0.0,ok_control_day,Poland
4263|2020-11-09|Rzeszów,4263,2020-11-09,Rzeszów,2020,fog,3850,Wołomin,,,,missing_control_day_donor,,,0.0,0.0,,0.0,,,missing_placebo_or_control_metric,Poland
4263|2020-11-09|Rzeszów,4263,2020-11-09,Rzeszów,2020,fog,3403,Bełchatów,4263.0,2021-11-17,2021.0,same_control_component_hazard_cross_year_month_window,1.0,0.0,0.0,0.0,0.0,0.0,0.0,0.0,ok_control_day,Poland
4263|2020-11-09|Rzeszów,4263,2020-11-09,Rzeszów,2020,fog,3068,Częstochowa,4263.0,2024-12-02,2024.0,same_control_component_hazard_cross_year_month_window,4.0,1.0,0.0,0.0,0.0,0.0,0.0,0.0,ok_control_day,Poland
3944|2020-01-29|Belgorod,3944,2020-01-29,Belgorod,2020,low_vis_5km,6031,Ulyanovsk,3944.0,2021-01-23,2021.0,same_control_component_hazard_cross_year_month_window,1.0,0.0,0.0,0.276667,0.227778,-0.276667,-0.048889,-0.227778,ok_control_day,Russia
3944|2020-01-29|Belgorod,3944,2020-01-29,Belgorod,2020,low_vis_5km,7378,Young Leninist,3944.0,2021-01-23,2021.0,same_control_component_hazard_cross_year_month_window,1.0,0.0,0.0,0.0,0.0,0.0,0.0,0.0,ok_control_day,Russia
3944|2020-01-29|Belgorod,3944,2020-01-29,Belgorod,2020,low_vis_5km,6673,Лобаново,3944.0,2021-01-23,2021.0,same_control_component_hazard_cross_year_month_window,1.0,0.0,0.0,0.0,0.0,0.0,0.0,0.0,ok_control_day,Russia
3944|2020-11-04|Belgorod,3944,2020-11-04,Belgorod,2020,fog,6031,Ulyanovsk,,,,missing_control_day_donor,,,0.0,0.001667,,-0.001667,,,missing_placebo_or_control_metric,Russia
3944|2020-11-04|Belgorod,3944,2020-11-04,Belgorod,2020,fog,7378,Young Leninist,,,,missing_control_day_donor,,,0.0,0.341667,,-0.341667,,,missing_placebo_or_control_metric,Russia
3944|2020-11-04|Belgorod,3944,2020-11-04,Belgorod,2020,fog,6673,Лобаново,,,,missing_control_day_donor,,,0.0,0.0,,0.0,,,missing_placebo_or_control_metric,Russia
6403|2020-02-01|Nizhnekamsk,6403,2020-02-01,Nizhnekamsk,2020,low_ceiling_300m,6031,Ulyanovsk,,,,missing_control_day_donor,,,0.0,0.016667,,-0.016667,,,missing_placebo_or_control_metric,Russia
6403|2020-02-01|Nizhnekamsk,6403,2020-02-01,Nizhnekamsk,2020,low_ceiling_300m,6242,Dimitrovgrad,,,,missing_control_day_donor,,,0.0,0.136667,,-0.136667,,,missing_placebo_or_control_metric,Russia
6403|2020-02-01|Nizhnekamsk,6403,2020-02-01,Nizhnekamsk,2020,low_ceiling_300m,6673,Лобаново,,,,missing_control_day_donor,,,0.0,0.0,,0.0,,,missing_placebo_or_control_metric,Russia
6403|2020-01-21|Nizhnekamsk,6403,2020-01-21,Nizhnekamsk,2020,low_ceiling_1000m,6031,Ulyanovsk,6403.0,2021-01-24,2021.0,same_control_component_hazard_cross_year_month_window,1.0,0.0,0.0,0.27,0.037778,-0.27,-0.232222,-0.037778,ok_control_day,Russia
6403|2020-01-21|Nizhnekamsk,6403,2020-01-21,Nizhnekamsk,2020,low_ceiling_1000m,6242,Dimitrovgrad,6403.0,2021-01-24,2021.0,same_control_component_hazard_cross_year_month_window,1.0,0.0,0.0,0.028333,0.0,-0.028333,-0.028333,0.0,ok_control_day,Russia
6403|2020-01-21|Nizhnekamsk,6403,2020-01-21,Nizhnekamsk,2020,low_ceiling_1000m,6673,Лобаново,,,,missing_control_day_donor,,,0.0,0.0,,0.0,,,missing_placebo_or_control_metric,Russia
10210|2020-01-03|Neyveli Township,10210,2020-01-03,Neyveli Township,2020,low_vis_5km,10842,Pontinamallayyapalem,,,,missing_control_day_donor,,,0.0,0.0,,0.0,,,missing_placebo_or_control_metric,India
10210|2020-01-03|Neyveli Township,10210,2020-01-03,Neyveli Township,2020,low_vis_5km,11388,Durgachak,,,,missing_control_day_donor,,,0.0,0.201111,,-0.201111,,,missing_placebo_or_control_metric,India
10210|2020-01-03|Neyveli Township,10210,2020-01-03,Neyveli Township,2020,low_vis_5km,9614,Anchal,,,,missing_control_day_donor,,,0.0,0.0,,0.0,,,missing_placebo_or_control_metric,India
10210|2020-11-25|Neyveli Township,10210,2020-11-25,Neyveli Township,2020,low_vis_5km,10842,Pontinamallayyapalem,,,,missing_control_day_donor,,,11.467222,0.048333,,11.418889,,,missing_placebo_or_control_metric,India
10210|2020-11-25|Neyveli Township,10210,2020-11-25,Neyveli Township,2020,low_vis_5km,11388,Durgachak,10210.0,2022-11-11,2022.0,same_control_component_hazard_cross_year_month_window,2.0,0.0,11.467222,0.0,0.0,11.467222,0.0,11.467222,ok_control_day,India
10210|2020-11-25|Neyveli Township,10210,2020-11-25,Neyveli Township,2020,low_vis_5km,9614,Anchal,,,,missing_control_day_donor,,,11.467222,0.0,,11.467222,,,missing_placebo_or_control_metric,India
56|2020-02-09|Brest,56,2020-02-09,Brest,2020,strong_wind,1585,Caen,,,,missing_control_day_donor,,,0.490556,0.085556,,0.405,,,missing_placebo_or_control_metric,France
56|2020-02-09|Brest,56,2020-02-09,Brest,2020,strong_wind,544,Saint-Nazaire,,,,missing_control_day_donor,,,0.490556,0.0,,0.490556,,,missing_placebo_or_control_metric,France
56|2020-02-09|Brest,56,2020-02-09,Brest,2020,strong_wind,944,Cherbourg-en-Cotentin,,,,missing_control_day_donor,,,0.490556,0.600556,,-0.11,,,missing_placebo_or_control_metric,France
56|2020-11-01|Brest,56,2020-11-01,Brest,2020,low_vis_5km,1585,Caen,,,,missing_control_day_donor,,,0.063333,0.0,,0.063333,,,missing_placebo_or_control_metric,France
56|2020-11-01|Brest,56,2020-11-01,Brest,2020,low_vis_5km,544,Saint-Nazaire,56.0,2024-12-25,2024.0,same_control_component_hazard_cross_year_month_window,4.0,1.0,0.063333,0.031111,0.105,0.032222,0.073889,-0.041667,ok_control_day,France
56|2020-11-01|Brest,56,2020-11-01,Brest,2020,low_vis_5km,944,Cherbourg-en-Cotentin,,,,missing_control_day_donor,,,0.063333,0.001667,,0.061666,,,missing_placebo_or_control_metric,France
1031|2020-09-28|Hamilton,1031,2020-09-28,Hamilton,2020,strong_wind,505,Wellington,1031.0,2020-09-18,2020.0,same_control_component_hazard_same_year_month_window,0.0,0.0,1.28,0.0,0.0,1.28,0.0,1.28,ok_control_day,New Zealand
1031|2020-09-28|Hamilton,1031,2020-09-28,Hamilton,2020,strong_wind,647,Lower Hutt,1031.0,2020-09-18,2020.0,same_control_component_hazard_same_year_month_window,0.0,0.0,1.28,0.0,0.0,1.28,0.0,1.28,ok_control_day,New Zealand
1031|2020-09-28|Hamilton,1031,2020-09-28,Hamilton,2020,strong_wind,1681,Le Havre,1031.0,2020-09-18,2020.0,same_control_component_hazard_same_year_month_window,0.0,0.0,1.28,0.0,0.0,1.28,0.0,1.28,ok_control_day,New Zealand
1031|2020-09-18|Hamilton,1031,2020-09-18,Hamilton,2020,strong_wind,505,Wellington,1031.0,2020-09-28,2020.0,same_control_component_hazard_same_year_month_window,0.0,0.0,0.196111,0.0,0.0,0.196111,0.0,0.196111,ok_control_day,New Zealand
1031|2020-09-18|Hamilton,1031,2020-09-18,Hamilton,2020,strong_wind,647,Lower Hutt,1031.0,2020-09-28,2020.0,same_control_component_hazard_same_year_month_window,0.0,0.0,0.196111,0.0,0.0,0.196111,0.0,0.196111,ok_control_day,New Zealand
1031|2020-09-18|Hamilton,1031,2020-09-18,Hamilton,2020,strong_wind,1681,Le Havre,1031.0,2020-09-28,2020.0,same_control_component_hazard_same_year_month_window,0.0,0.0,0.196111,0.0,0.0,0.196111,0.0,0.196111,ok_control_day,New Zealand
4339|2020-01-19|Lublin,4339,2020-01-19,Lublin,2020,low_ceiling_1000m,3850,Wołomin,4339.0,2020-12-17,2020.0,same_control_component_hazard_same_year_month_window,0.0,1.0,0.0,0.0,0.0,0.0,0.0,0.0,ok_control_day,Poland
4339|2020-01-19|Lublin,4339,2020-01-19,Lublin,2020,low_ceiling_1000m,3068,Częstochowa,4339.0,2020-12-17,2020.0,same_control_component_hazard_same_year_month_window,0.0,1.0,0.0,0.0,0.0,0.0,0.0,0.0,ok_control_day,Poland
4339|2020-01-19|Lublin,4339,2020-01-19,Lublin,2020,low_ceiling_1000m,3403,Bełchatów,4339.0,2020-12-17,2020.0,same_control_component_hazard_same_year_month_window,0.0,1.0,0.0,0.0,0.0,0.0,0.0,0.0,ok_control_day,Poland
4339|2020-12-17|Lublin,4339,2020-12-17,Lublin,2020,low_ceiling_1000m,3850,Wołomin,4339.0,2020-01-19,2020.0,same_control_component_hazard_same_year_month_window,0.0,1.0,0.0,0.0,0.0,0.0,0.0,0.0,ok_control_day,Poland
4339|2020-12-17|Lublin,4339,2020-12-17,Lublin,2020,low_ceiling_1000m,3068,Częstochowa,4339.0,2020-01-19,2020.0,same_control_component_hazard_same_year_month_window,0.0,1.0,0.0,0.0,0.0,0.0,0.0,0.0,ok_control_day,Poland
4339|2020-12-17|Lublin,4339,2020-12-17,Lublin,2020,low_ceiling_1000m,3403,Bełchatów,4339.0,2020-01-19,2020.0,same_control_component_hazard_same_year_month_window,0.0,1.0,0.0,0.0,0.0,0.0,0.0,0.0,ok_control_day,Poland
2044|2020-12-05|Vinnytsia,2044,2020-12-05,Vinnytsia,2020,fog,2506,Pervomaisk,,,,missing_control_day_donor,,,0.0,0.0,,0.0,,,missing_placebo_or_control_metric,Ukraine
2044|2020-12-05|Vinnytsia,2044,2020-12-05,Vinnytsia,2020,fog,4030,Lozova,,,,missing_control_day_donor,,,0.0,0.0,,0.0,,,missing_placebo_or_control_metric,Ukraine
2044|2020-12-05|Vinnytsia,2044,2020-12-05,Vinnytsia,2020,fog,1089,Kovel,,,,missing_control_day_donor,,,0.0,0.0,,0.0,,,missing_placebo_or_control_metric,Ukraine
2044|2020-11-18|Vinnytsia,2044,2020-11-18,Vinnytsia,2020,low_ceiling_300m,2506,Pervomaisk,2044.0,2021-12-09,2021.0,same_control_component_hazard_cross_year_month_window,1.0,1.0,0.0,0.0,0.0,0.0,0.0,0.0,ok_control_day,Ukraine
2044|2020-11-18|Vinnytsia,2044,2020-11-18,Vinnytsia,2020,low_ceiling_300m,4030,Lozova,2044.0,2021-12-09,2021.0,same_control_component_hazard_cross_year_month_window,1.0,1.0,0.0,0.0,0.0,0.0,0.0,0.0,ok_control_day,Ukraine
2044|2020-11-18|Vinnytsia,2044,2020-11-18,Vinnytsia,2020,low_ceiling_300m,1089,Kovel,2044.0,2021-12-09,2021.0,same_control_component_hazard_cross_year_month_window,1.0,1.0,0.0,0.144444,0.0,-0.144444,-0.144444,0.0,ok_control_day,Ukraine
6023|2020-01-03|Ciudad Valles,6023,2020-01-03,Ciudad Valles,2020,fog,5931,Tlaxcala,,,,missing_control_day_donor,,,0.0,0.0,,0.0,,,missing_placebo_or_control_metric,México
6023|2020-01-03|Ciudad Valles,6023,2020-01-03,Ciudad Valles,2020,fog,5730,Tizayuca,,,,missing_control_day_donor,,,0.0,0.0,,0.0,,,missing_placebo_or_control_metric,México
6023|2020-01-03|Ciudad Valles,6023,2020-01-03,Ciudad Valles,2020,fog,913,Tecate,357.0,2021-12-02,2021.0,same_control_component_hazard_cross_year_month_window,1.0,1.0,0.0,0.0,0.0,0.0,0.0,0.0,ok_control_day,México
6023|2020-01-02|Ciudad Valles,6023,2020-01-02,Ciudad Valles,2020,low_vis_5km,5931,Tlaxcala,,,,missing_control_day_donor,,,0.0,0.0,,0.0,,,missing_placebo_or_control_metric,México
6023|2020-01-02|Ciudad Valles,6023,2020-01-02,Ciudad Valles,2020,low_vis_5km,5730,Tizayuca,,,,missing_control_day_donor,,,0.0,0.0,,0.0,,,missing_placebo_or_control_metric,México
6023|2020-01-02|Ciudad Valles,6023,2020-01-02,Ciudad Valles,2020,low_vis_5km,913,Tecate,357.0,2022-02-20,2022.0,same_control_component_hazard_cross_year_month_window,2.0,1.0,0.0,0.0,0.0,0.0,0.0,0.0,ok_control_day,México
4225|2020-01-19|Stalowa Wola,4225,2020-01-19,Stalowa Wola,2020,fog,3850,Wołomin,,,,missing_control_day_donor,,,0.0,0.0,,0.0,,,missing_placebo_or_control_metric,Poland
4225|2020-01-19|Stalowa Wola,4225,2020-01-19,Stalowa Wola,2020,fog,3403,Bełchatów,4263.0,2024-12-02,2024.0,same_control_component_hazard_cross_year_month_window,4.0,1.0,0.0,0.0,0.0,0.0,0.0,0.0,ok_control_day,Poland
4225|2020-01-19|Stalowa Wola,4225,2020-01-19,Stalowa Wola,2020,fog,1080,Słupsk,4225.0,2024-12-02,2024.0,same_control_component_hazard_cross_year_month_window,4.0,1.0,0.0,0.0,0.0,0.0,0.0,0.0,ok_control_day,Poland
4225|2020-11-09|Stalowa Wola,4225,2020-11-09,Stalowa Wola,2020,fog,3850,Wołomin,,,,missing_control_day_donor,,,0.0,0.0,,0.0,,,missing_placebo_or_control_metric,Poland
4225|2020-11-09|Stalowa Wola,4225,2020-11-09,Stalowa Wola,2020,fog,3403,Bełchatów,4263.0,2021-11-17,2021.0,same_control_component_hazard_cross_year_month_window,1.0,0.0,0.0,0.0,0.0,0.0,0.0,0.0,ok_control_day,Poland
4225|2020-11-09|Stalowa Wola,4225,2020-11-09,Stalowa Wola,2020,fog,1080,Słupsk,4263.0,2021-11-17,2021.0,same_control_component_hazard_cross_year_month_window,1.0,0.0,0.0,0.0,0.051667,0.0,0.051667,-0.051667,ok_control_day,Poland
4942|2021-09-02|Celaya,4942,2021-09-02,Celaya,2021,low_ceiling_1000m,6696,Matamoros,4942.0,2021-10-03,2021.0,same_control_component_hazard_same_year_month_window,0.0,1.0,1.25,0.0,0.0,1.25,0.0,1.25,ok_control_day,México
4942|2021-09-02|Celaya,4942,2021-09-02,Celaya,2021,low_ceiling_1000m,4288,San Francisco del Rincón,4942.0,2021-10-03,2021.0,same_control_component_hazard_same_year_month_window,0.0,1.0,1.25,0.26,0.058333,0.99,-0.201667,1.191667,ok_control_day,México
4942|2021-09-02|Celaya,4942,2021-09-02,Celaya,2021,low_ceiling_1000m,4134,Chihuahua,4942.0,2021-10-03,2021.0,same_control_component_hazard_same_year_month_window,0.0,1.0,1.25,0.086111,0.484444,1.163889,0.398333,0.765556,ok_control_day,México
4942|2021-10-03|Celaya,4942,2021-10-03,Celaya,2021,low_ceiling_1000m,6696,Matamoros,4942.0,2021-09-02,2021.0,same_control_component_hazard_same_year_month_window,0.0,1.0,0.101111,0.0,0.0,0.101111,0.0,0.101111,ok_control_day,México
4942|2021-10-03|Celaya,4942,2021-10-03,Celaya,2021,low_ceiling_1000m,4288,San Francisco del Rincón,4942.0,2021-09-02,2021.0,same_control_component_hazard_same_year_month_window,0.0,1.0,0.101111,0.058333,0.26,0.042778,0.201667,-0.158889,ok_control_day,México
4942|2021-10-03|Celaya,4942,2021-10-03,Celaya,2021,low_ceiling_1000m,4134,Chihuahua,4942.0,2021-09-02,2021.0,same_control_component_hazard_same_year_month_window,0.0,1.0,0.101111,0.484444,0.086111,-0.383333,-0.398333,0.015,ok_control_day,México
4379|2021-04-05|Karadeniz Ereğli,4379,2021-04-05,Karadeniz Ereğli,2021,thunder_or_convective,858,Tekirdağ,4379.0,2023-04-27,2023.0,same_control_component_hazard_cross_year_month_window,2.0,0.0,0.449444,0.001111,1.423333,0.448333,1.422222,-0.973889,ok_control_day,Turkey
4379|2021-04-05|Karadeniz Ereğli,4379,2021-04-05,Karadeniz Ereğli,2021,thunder_or_convective,3459,Yalova,4379.0,2023-04-27,2023.0,same_control_component_hazard_cross_year_month_window,2.0,0.0,0.449444,0.238889,3.523333,0.210555,3.284444,-3.073889,ok_control_day,Turkey
4379|2021-04-05|Karadeniz Ereğli,4379,2021-04-05,Karadeniz Ereğli,2021,thunder_or_convective,4341,Düzce,,,,missing_control_day_donor,,,0.449444,1.481667,,-1.032223,,,missing_placebo_or_control_metric,Turkey
4379|2021-04-08|Karadeniz Ereğli,4379,2021-04-08,Karadeniz Ereğli,2021,low_ceiling_1000m,858,Tekirdağ,4379.0,2022-03-19,2022.0,same_control_component_hazard_cross_year_month_window,1.0,1.0,1.235556,0.050556,0.0,1.185,-0.050556,1.235556,ok_control_day,Turkey
4379|2021-04-08|Karadeniz Ereğli,4379,2021-04-08,Karadeniz Ereğli,2021,low_ceiling_1000m,3459,Yalova,4379.0,2022-03-19,2022.0,same_control_component_hazard_cross_year_month_window,1.0,1.0,1.235556,0.070556,0.0,1.165,-0.070556,1.235556,ok_control_day,Turkey
4379|2021-04-08|Karadeniz Ereğli,4379,2021-04-08,Karadeniz Ereğli,2021,low_ceiling_1000m,4341,Düzce,4379.0,2022-03-19,2022.0,same_control_component_hazard_cross_year_month_window,1.0,1.0,1.235556,0.4,0.929444,0.835556,0.529444,0.306112,ok_control_day,Turkey
10954|2021-05-07|Giridih,10954,2021-05-07,Giridih,2021,low_vis_5km,10132,Thanjavur,10840.0,2021-06-12,2021.0,same_control_component_hazard_same_year_month_window,0.0,1.0,0.0,0.0,0.558889,0.0,0.558889,-0.558889,ok_control_day,India
10954|2021-05-07|Giridih,10954,2021-05-07,Giridih,2021,low_vis_5km,11432,Chandpara,,,,missing_control_day_donor,,,0.0,0.0,,0.0,,,missing_placebo_or_control_metric,India
10954|2021-05-07|Giridih,10954,2021-05-07,Giridih,2021,low_vis_5km,10080,Siltara,,,,missing_control_day_donor,,,0.0,1.312222,,-1.312222,,,missing_placebo_or_control_metric,India
10954|2021-01-04|Giridih,10954,2021-01-04,Giridih,2021,low_vis_5km,10132,Thanjavur,10840.0,2021-01-29,2021.0,same_control_component_hazard_same_year_month_window,0.0,0.0,0.0,0.0,0.005556,0.0,0.005556,-0.005556,ok_control_day,India
10954|2021-01-04|Giridih,10954,2021-01-04,Giridih,2021,low_vis_5km,11432,Chandpara,10954.0,2022-01-10,2022.0,same_control_component_hazard_cross_year_month_window,1.0,0.0,0.0,0.0,0.0,0.0,0.0,0.0,ok_control_day,India
10954|2021-01-04|Giridih,10954,2021-01-04,Giridih,2021,low_vis_5km,10080,Siltara,10954.0,2022-01-10,2022.0,same_control_component_hazard_cross_year_month_window,1.0,0.0,0.0,0.0,0.033333,0.0,0.033333,-0.033333,ok_control_day,India
175|2021-07-28|Điện Biên Phủ,175,2021-07-28,Điện Biên Phủ,2021,thunder_or_convective,1739,Phúc Yên,175.0,2020-08-15,2020.0,same_control_component_hazard_cross_year_month_window,1.0,1.0,0.003889,0.088333,0.832778,-0.084444,0.744445,-0.828889,ok_control_day,Vietnam
175|2021-07-28|Điện Biên Phủ,175,2021-07-28,Điện Biên Phủ,2021,thunder_or_convective,5031,Trang Bang,175.0,2020-08-15,2020.0,same_control_component_hazard_cross_year_month_window,1.0,1.0,0.003889,0.0,0.0,0.003889,0.0,0.003889,ok_control_day,Vietnam
175|2021-07-28|Điện Biên Phủ,175,2021-07-28,Điện Biên Phủ,2021,thunder_or_convective,1915,Quốc Oai,175.0,2024-08-13,2024.0,same_control_component_hazard_cross_year_month_window,3.0,1.0,0.003889,1.123889,4.550556,-1.12,3.426667,-4.546667,ok_control_day,Vietnam
175|2021-05-01|Điện Biên Phủ,175,2021-05-01,Điện Biên Phủ,2021,thunder_or_convective,1739,Phúc Yên,175.0,2022-05-20,2022.0,same_control_component_hazard_cross_year_month_window,1.0,0.0,3.065556,0.124444,0.0,2.941112,-0.124444,3.065556,ok_control_day,Vietnam
175|2021-05-01|Điện Biên Phủ,175,2021-05-01,Điện Biên Phủ,2021,thunder_or_convective,5031,Trang Bang,175.0,2022-05-20,2022.0,same_control_component_hazard_cross_year_month_window,1.0,0.0,3.065556,0.0,0.196111,3.065556,0.196111,2.869445,ok_control_day,Vietnam
175|2021-05-01|Điện Biên Phủ,175,2021-05-01,Điện Biên Phủ,2021,thunder_or_convective,1915,Quốc Oai,,,,missing_control_day_donor,,,3.065556,0.003333,,3.062223,,,missing_placebo_or_control_metric,Vietnam
7672|2021-12-10|Zigong,7672,2021-12-10,Zigong,2021,low_vis_5km,10851,Yangjiang,7672.0,2021-11-03,2021.0,same_control_component_hazard_same_year_month_window,0.0,1.0,0.0,0.0,0.0,0.0,0.0,0.0,ok_control_day,China
7672|2021-12-10|Zigong,7672,2021-12-10,Zigong,2021,low_vis_5km,9653,Ningming,7672.0,2021-11-03,2021.0,same_control_component_hazard_same_year_month_window,0.0,1.0,0.0,0.0,0.0,0.0,0.0,0.0,ok_control_day,China
7672|2021-12-10|Zigong,7672,2021-12-10,Zigong,2021,low_vis_5km,11127,Zhongxin,7672.0,2021-11-03,2021.0,same_control_component_hazard_same_year_month_window,0.0,1.0,0.0,0.0,0.0,0.0,0.0,0.0,ok_control_day,China
7672|2021-11-03|Zigong,7672,2021-11-03,Zigong,2021,low_vis_5km,10851,Yangjiang,7672.0,2021-12-10,2021.0,same_control_component_hazard_same_year_month_window,0.0,1.0,0.0,0.0,0.0,0.0,0.0,0.0,ok_control_day,China
7672|2021-11-03|Zigong,7672,2021-11-03,Zigong,2021,low_vis_5km,9653,Ningming,7672.0,2021-12-10,2021.0,same_control_component_hazard_same_year_month_window,0.0,1.0,0.0,0.0,0.0,0.0,0.0,0.0,ok_control_day,China
7672|2021-11-03|Zigong,7672,2021-11-03,Zigong,2021,low_vis_5km,11127,Zhongxin,7672.0,2021-12-10,2021.0,same_control_component_hazard_same_year_month_window,0.0,1.0,0.0,0.0,0.0,0.0,0.0,0.0,ok_control_day,China
10936|2021-05-07|Phusro,10936,2021-05-07,Phusro,2021,low_vis_5km,10422,Jagdalpur,,,,missing_control_day_donor,,,0.0,0.261111,,-0.261111,,,missing_placebo_or_control_metric,India
10936|2021-05-07|Phusro,10936,2021-05-07,Phusro,2021,low_vis_5km,11394,Chakdaha,,,,missing_control_day_donor,,,0.0,0.0,,0.0,,,missing_placebo_or_control_metric,India
10936|2021-05-07|Phusro,10936,2021-05-07,Phusro,2021,low_vis_5km,11264,Medinipur,,,,missing_control_day_donor,,,0.0,0.283333,,-0.283333,,,missing_placebo_or_control_metric,India
10936|2021-01-04|Phusro,10936,2021-01-04,Phusro,2021,low_vis_5km,10422,Jagdalpur,10936.0,2022-01-10,2022.0,same_control_component_hazard_cross_year_month_window,1.0,0.0,0.0,0.0,0.0,0.0,0.0,0.0,ok_control_day,India
10936|2021-01-04|Phusro,10936,2021-01-04,Phusro,2021,low_vis_5km,11394,Chakdaha,,,,missing_control_day_donor,,,0.0,0.0,,0.0,,,missing_placebo_or_control_metric,India
10936|2021-01-04|Phusro,10936,2021-01-04,Phusro,2021,low_vis_5km,11264,Medinipur,,,,missing_control_day_donor,,,0.0,0.0,,0.0,,,missing_placebo_or_control_metric,India
4263|2021-12-15|Rzeszów,4263,2021-12-15,Rzeszów,2021,low_ceiling_300m,3403,Bełchatów,4263.0,2023-12-14,2023.0,same_control_component_hazard_cross_year_month_window,2.0,0.0,0.0,0.0,0.0,0.0,0.0,0.0,ok_control_day,Poland
4263|2021-12-15|Rzeszów,4263,2021-12-15,Rzeszów,2021,low_ceiling_300m,1080,Słupsk,4263.0,2023-12-14,2023.0,same_control_component_hazard_cross_year_month_window,2.0,0.0,0.0,0.0,0.0,0.0,0.0,0.0,ok_control_day,Poland
4263|2021-12-15|Rzeszów,4263,2021-12-15,Rzeszów,2021,low_ceiling_300m,4107,Mielec,,,,missing_control_day_donor,,,0.0,0.0,,0.0,,,missing_placebo_or_control_metric,Poland
4263|2021-11-17|Rzeszów,4263,2021-11-17,Rzeszów,2021,fog,3403,Bełchatów,4225.0,2020-11-09,2020.0,same_control_component_hazard_cross_year_month_window,1.0,0.0,0.005556,0.0,0.0,0.005556,0.0,0.005556,ok_control_day,Poland
4263|2021-11-17|Rzeszów,4263,2021-11-17,Rzeszów,2021,fog,1080,Słupsk,4225.0,2020-11-09,2020.0,same_control_component_hazard_cross_year_month_window,1.0,0.0,0.005556,0.051667,0.0,-0.046111,-0.051667,0.005556,ok_control_day,Poland
4263|2021-11-17|Rzeszów,4263,2021-11-17,Rzeszów,2021,fog,4107,Mielec,,,,missing_control_day_donor,,,0.005556,0.0,,0.005556,,,missing_placebo_or_control_metric,Poland
3944|2021-01-23|Belgorod,3944,2021-01-23,Belgorod,2021,low_vis_5km,6031,Ulyanovsk,3944.0,2021-02-25,2021.0,same_control_component_hazard_same_year_month_window,0.0,1.0,0.0,0.227778,0.0,-0.227778,-0.227778,0.0,ok_control_day,Russia
3944|2021-01-23|Belgorod,3944,2021-01-23,Belgorod,2021,low_vis_5km,7378,Young Leninist,3944.0,2021-02-25,2021.0,same_control_component_hazard_same_year_month_window,0.0,1.0,0.0,0.0,0.0,0.0,0.0,0.0,ok_control_day,Russia
3944|2021-01-23|Belgorod,3944,2021-01-23,Belgorod,2021,low_vis_5km,6673,Лобаново,3944.0,2021-02-25,2021.0,same_control_component_hazard_same_year_month_window,0.0,1.0,0.0,0.0,0.0,0.0,0.0,0.0,ok_control_day,Russia
3944|2021-02-25|Belgorod,3944,2021-02-25,Belgorod,2021,low_vis_5km,6031,Ulyanovsk,3944.0,2021-01-23,2021.0,same_control_component_hazard_same_year_month_window,0.0,1.0,0.0,0.0,0.227778,0.0,0.227778,-0.227778,ok_control_day,Russia
3944|2021-02-25|Belgorod,3944,2021-02-25,Belgorod,2021,low_vis_5km,7378,Young Leninist,3944.0,2021-01-23,2021.0,same_control_component_hazard_same_year_month_window,0.0,1.0,0.0,0.0,0.0,0.0,0.0,0.0,ok_control_day,Russia
3944|2021-02-25|Belgorod,3944,2021-02-25,Belgorod,2021,low_vis_5km,6673,Лобаново,3944.0,2021-01-23,2021.0,same_control_component_hazard_same_year_month_window,0.0,1.0,0.0,0.0,0.0,0.0,0.0,0.0,ok_control_day,Russia
56|2021-12-29|Brest,56,2021-12-29,Brest,2021,fog,544,Saint-Nazaire,56.0,2022-01-24,2022.0,same_control_component_hazard_cross_year_month_window,1.0,1.0,0.0,0.067778,0.0,-0.067778,-0.067778,0.0,ok_control_day,France
56|2021-12-29|Brest,56,2021-12-29,Brest,2021,fog,1681,Le Havre,56.0,2022-01-24,2022.0,same_control_component_hazard_cross_year_month_window,1.0,1.0,0.0,0.405,0.0,-0.405,-0.405,0.0,ok_control_day,France
56|2021-12-29|Brest,56,2021-12-29,Brest,2021,fog,2940,Dunkirk,,,,missing_control_day_donor,,,0.0,0.606111,,-0.606111,,,missing_placebo_or_control_metric,France
56|2021-12-03|Brest,56,2021-12-03,Brest,2021,low_ceiling_1000m,544,Saint-Nazaire,,,,missing_control_day_donor,,,1.181111,0.491111,,0.69,,,missing_placebo_or_control_metric,France
56|2021-12-03|Brest,56,2021-12-03,Brest,2021,low_ceiling_1000m,1681,Le Havre,,,,missing_control_day_donor,,,1.181111,0.096667,,1.084444,,,missing_placebo_or_control_metric,France
56|2021-12-03|Brest,56,2021-12-03,Brest,2021,low_ceiling_1000m,2940,Dunkirk,,,,missing_control_day_donor,,,1.181111,0.0,,1.181111,,,missing_placebo_or_control_metric,France
6403|2021-01-24|Nizhnekamsk,6403,2021-01-24,Nizhnekamsk,2021,low_ceiling_1000m,6031,Ulyanovsk,6403.0,2020-01-21,2020.0,same_control_component_hazard_cross_year_month_window,1.0,0.0,0.0,0.037778,0.27,-0.037778,0.232222,-0.27,ok_control_day,Russia
6403|2021-01-24|Nizhnekamsk,6403,2021-01-24,Nizhnekamsk,2021,low_ceiling_1000m,6242,Dimitrovgrad,6403.0,2020-01-21,2020.0,same_control_component_hazard_cross_year_month_window,1.0,0.0,0.0,0.0,0.028333,0.0,0.028333,-0.028333,ok_control_day,Russia
6403|2021-01-24|Nizhnekamsk,6403,2021-01-24,Nizhnekamsk,2021,low_ceiling_1000m,6191,Glazov,,,,missing_control_day_donor,,,0.0,0.0,,0.0,,,missing_placebo_or_control_metric,Russia
6403|2021-04-09|Nizhnekamsk,6403,2021-04-09,Nizhnekamsk,2021,low_ceiling_1000m,6031,Ulyanovsk,,,,missing_control_day_donor,,,1.043889,1.311111,,-0.267222,,,missing_placebo_or_control_metric,Russia
6403|2021-04-09|Nizhnekamsk,6403,2021-04-09,Nizhnekamsk,2021,low_ceiling_1000m,6242,Dimitrovgrad,,,,missing_control_day_donor,,,1.043889,2.445556,,-1.401667,,,missing_placebo_or_control_metric,Russia
6403|2021-04-09|Nizhnekamsk,6403,2021-04-09,Nizhnekamsk,2021,low_ceiling_1000m,6191,Glazov,,,,missing_control_day_donor,,,1.043889,0.0,,1.043889,,,missing_placebo_or_control_metric,Russia
10840|2021-01-29|Rourkela,10840,2021-01-29,Rourkela,2021,low_vis_5km,10132,Thanjavur,10954.0,2021-01-04,2021.0,same_control_component_hazard_same_year_month_window,0.0,0.0,0.0,0.005556,0.0,-0.005556,-0.005556,0.0,ok_control_day,India
10840|2021-01-29|Rourkela,10840,2021-01-29,Rourkela,2021,low_vis_5km,10006,Vellore,,,,missing_control_day_donor,,,0.0,0.0,,0.0,,,missing_placebo_or_control_metric,India
10840|2021-01-29|Rourkela,10840,2021-01-29,Rourkela,2021,low_vis_5km,6662,Anand,,,,missing_control_day_donor,,,0.0,0.0,,0.0,,,missing_placebo_or_control_metric,India
10840|2021-06-12|Rourkela,10840,2021-06-12,Rourkela,2021,low_vis_5km,10132,Thanjavur,10954.0,2021-05-07,2021.0,same_control_component_hazard_same_year_month_window,0.0,1.0,3.944444,0.558889,0.0,3.385555,-0.558889,3.944444,ok_control_day,India
10840|2021-06-12|Rourkela,10840,2021-06-12,Rourkela,2021,low_vis_5km,10006,Vellore,,,,missing_control_day_donor,,,3.944444,0.008333,,3.936111,,,missing_placebo_or_control_metric,India
10840|2021-06-12|Rourkela,10840,2021-06-12,Rourkela,2021,low_vis_5km,6662,Anand,,,,missing_control_day_donor,,,3.944444,0.0,,3.944444,,,missing_placebo_or_control_metric,India
4339|2021-12-15|Lublin,4339,2021-12-15,Lublin,2021,low_vis_5km,3403,Bełchatów,4339.0,2022-11-26,2022.0,same_control_component_hazard_cross_year_month_window,1.0,1.0,0.0,0.0,0.0,0.0,0.0,0.0,ok_control_day,Poland
4339|2021-12-15|Lublin,4339,2021-12-15,Lublin,2021,low_vis_5km,1080,Słupsk,4339.0,2022-11-26,2022.0,same_control_component_hazard_cross_year_month_window,1.0,1.0,0.0,0.0,0.0,0.0,0.0,0.0,ok_control_day,Poland
4339|2021-12-15|Lublin,4339,2021-12-15,Lublin,2021,low_vis_5km,4107,Mielec,4339.0,2023-01-23,2023.0,same_control_component_hazard_cross_year_month_window,2.0,1.0,0.0,0.0,0.0,0.0,0.0,0.0,ok_control_day,Poland
4339|2021-11-17|Lublin,4339,2021-11-17,Lublin,2021,fog,3403,Bełchatów,4263.0,2022-11-21,2022.0,same_control_component_hazard_cross_year_month_window,1.0,0.0,0.0,0.0,0.0,0.0,0.0,0.0,ok_control_day,Poland
4339|2021-11-17|Lublin,4339,2021-11-17,Lublin,2021,fog,1080,Słupsk,4263.0,2022-11-21,2022.0,same_control_component_hazard_cross_year_month_window,1.0,0.0,0.0,0.051667,0.0,-0.051667,-0.051667,0.0,ok_control_day,Poland
4339|2021-11-17|Lublin,4339,2021-11-17,Lublin,2021,fog,4107,Mielec,,,,missing_control_day_donor,,,0.0,0.0,,0.0,,,missing_placebo_or_control_metric,Poland
2044|2021-12-06|Vinnytsia,2044,2021-12-06,Vinnytsia,2021,low_vis_1km,2506,Pervomaisk,,,,missing_control_day_donor,,,0.0,0.075,,-0.075,,,missing_placebo_or_control_metric,Ukraine
2044|2021-12-06|Vinnytsia,2044,2021-12-06,Vinnytsia,2021,low_vis_1km,4030,Lozova,,,,missing_control_day_donor,,,0.0,0.0,,0.0,,,missing_placebo_or_control_metric,Ukraine
2044|2021-12-06|Vinnytsia,2044,2021-12-06,Vinnytsia,2021,low_vis_1km,1089,Kovel,,,,missing_control_day_donor,,,0.0,0.334444,,-0.334444,,,missing_placebo_or_control_metric,Ukraine
2044|2021-12-09|Vinnytsia,2044,2021-12-09,Vinnytsia,2021,low_ceiling_300m,2506,Pervomaisk,2044.0,2020-11-18,2020.0,same_control_component_hazard_cross_year_month_window,1.0,1.0,0.0,0.0,0.0,0.0,0.0,0.0,ok_control_day,Ukraine
2044|2021-12-09|Vinnytsia,2044,2021-12-09,Vinnytsia,2021,low_ceiling_300m,4030,Lozova,2044.0,2020-11-18,2020.0,same_control_component_hazard_cross_year_month_window,1.0,1.0,0.0,0.0,0.0,0.0,0.0,0.0,ok_control_day,Ukraine
2044|2021-12-09|Vinnytsia,2044,2021-12-09,Vinnytsia,2021,low_ceiling_300m,1089,Kovel,2044.0,2020-11-18,2020.0,same_control_component_hazard_cross_year_month_window,1.0,1.0,0.0,0.0,0.144444,0.0,0.144444,-0.144444,ok_control_day,Ukraine
357|2021-12-02|Ensenada,357,2021-12-02,Ensenada,2021,fog,5,Rosarito,357.0,2021-11-04,2021.0,same_control_component_hazard_same_year_month_window,0.0,1.0,0.0,0.0,0.0,0.0,0.0,0.0,ok_control_day,México
357|2021-12-02|Ensenada,357,2021-12-02,Ensenada,2021,fog,913,Tecate,357.0,2021-11-04,2021.0,same_control_component_hazard_same_year_month_window,0.0,1.0,0.0,0.0,0.0,0.0,0.0,0.0,ok_control_day,México
357|2021-12-02|Ensenada,357,2021-12-02,Ensenada,2021,fog,6251,Cadereyta Jiménez,357.0,2021-11-04,2021.0,same_control_component_hazard_same_year_month_window,0.0,1.0,0.0,0.0,0.0,0.0,0.0,0.0,ok_control_day,México
357|2021-11-04|Ensenada,357,2021-11-04,Ensenada,2021,fog,5,Rosarito,357.0,2021-12-02,2021.0,same_control_component_hazard_same_year_month_window,0.0,1.0,0.0,0.0,0.0,0.0,0.0,0.0,ok_control_day,México
357|2021-11-04|Ensenada,357,2021-11-04,Ensenada,2021,fog,913,Tecate,357.0,2021-12-02,2021.0,same_control_component_hazard_same_year_month_window,0.0,1.0,0.0,0.0,0.0,0.0,0.0,0.0,ok_control_day,México
357|2021-11-04|Ensenada,357,2021-11-04,Ensenada,2021,fog,6251,Cadereyta Jiménez,357.0,2021-12-02,2021.0,same_control_component_hazard_same_year_month_window,0.0,1.0,0.0,0.0,0.0,0.0,0.0,0.0,ok_control_day,México
4225|2021-12-15|Stalowa Wola,4225,2021-12-15,Stalowa Wola,2021,low_ceiling_300m,3403,Bełchatów,4263.0,2023-12-14,2023.0,same_control_component_hazard_cross_year_month_window,2.0,0.0,0.0,0.0,0.0,0.0,0.0,0.0,ok_control_day,Poland
4225|2021-12-15|Stalowa Wola,4225,2021-12-15,Stalowa Wola,2021,low_ceiling_300m,3349,Płock,4225.0,2023-12-14,2023.0,same_control_component_hazard_cross_year_month_window,2.0,0.0,0.0,0.0,0.0,0.0,0.0,0.0,ok_control_day,Poland
4225|2021-12-15|Stalowa Wola,4225,2021-12-15,Stalowa Wola,2021,low_ceiling_300m,1080,Słupsk,4263.0,2023-12-14,2023.0,same_control_component_hazard_cross_year_month_window,2.0,0.0,0.0,0.0,0.0,0.0,0.0,0.0,ok_control_day,Poland
4225|2021-11-17|Stalowa Wola,4225,2021-11-17,Stalowa Wola,2021,fog,3403,Bełchatów,4263.0,2022-11-21,2022.0,same_control_component_hazard_cross_year_month_window,1.0,0.0,0.0,0.0,0.0,0.0,0.0,0.0,ok_control_day,Poland
4225|2021-11-17|Stalowa Wola,4225,2021-11-17,Stalowa Wola,2021,fog,3349,Płock,4225.0,2022-11-21,2022.0,same_control_component_hazard_cross_year_month_window,1.0,0.0,0.0,0.0,0.0,0.0,0.0,0.0,ok_control_day,Poland
4225|2021-11-17|Stalowa Wola,4225,2021-11-17,Stalowa Wola,2021,fog,1080,Słupsk,4263.0,2022-11-21,2022.0,same_control_component_hazard_cross_year_month_window,1.0,0.0,0.0,0.051667,0.0,-0.051667,-0.051667,0.0,ok_control_day,Poland
4942|2022-12-26|Celaya,4942,2022-12-26,Celaya,2022,low_ceiling_1000m,6696,Matamoros,4942.0,2023-12-08,2023.0,same_control_component_hazard_cross_year_month_window,1.0,0.0,0.0,0.0,0.0,0.0,0.0,0.0,ok_control_day,México
4942|2022-12-26|Celaya,4942,2022-12-26,Celaya,2022,low_ceiling_1000m,4288,San Francisco del Rincón,4942.0,2023-12-08,2023.0,same_control_component_hazard_cross_year_month_window,1.0,0.0,0.0,0.0,0.0,0.0,0.0,0.0,ok_control_day,México
4942|2022-12-26|Celaya,4942,2022-12-26,Celaya,2022,low_ceiling_1000m,4134,Chihuahua,4942.0,2020-01-21,2020.0,same_control_component_hazard_cross_year_month_window,2.0,1.0,0.0,0.0,0.051111,0.0,0.051111,-0.051111,ok_control_day,México
4942|2022-08-22|Celaya,4942,2022-08-22,Celaya,2022,low_ceiling_1000m,6696,Matamoros,4942.0,2021-09-02,2021.0,same_control_component_hazard_cross_year_month_window,1.0,1.0,0.0,0.0,0.0,0.0,0.0,0.0,ok_control_day,México
4942|2022-08-22|Celaya,4942,2022-08-22,Celaya,2022,low_ceiling_1000m,4288,San Francisco del Rincón,4942.0,2021-09-02,2021.0,same_control_component_hazard_cross_year_month_window,1.0,1.0,0.0,0.0,0.26,0.0,0.26,-0.26,ok_control_day,México
4942|2022-08-22|Celaya,4942,2022-08-22,Celaya,2022,low_ceiling_1000m,4134,Chihuahua,4942.0,2021-09-02,2021.0,same_control_component_hazard_cross_year_month_window,1.0,1.0,0.0,0.598333,0.086111,-0.598333,-0.512222,-0.086111,ok_control_day,México
4379|2022-03-19|Karadeniz Ereğli,4379,2022-03-19,Karadeniz Ereğli,2022,low_ceiling_1000m,3459,Yalova,4379.0,2021-04-08,2021.0,same_control_component_hazard_cross_year_month_window,1.0,1.0,0.0,0.0,0.070556,0.0,0.070556,-0.070556,ok_control_day,Turkey
4379|2022-03-19|Karadeniz Ereğli,4379,2022-03-19,Karadeniz Ereğli,2022,low_ceiling_1000m,858,Tekirdağ,4379.0,2021-04-08,2021.0,same_control_component_hazard_cross_year_month_window,1.0,1.0,0.0,0.0,0.050556,0.0,0.050556,-0.050556,ok_control_day,Turkey
4379|2022-03-19|Karadeniz Ereğli,4379,2022-03-19,Karadeniz Ereğli,2022,low_ceiling_1000m,4341,Düzce,4379.0,2021-04-08,2021.0,same_control_component_hazard_cross_year_month_window,1.0,1.0,0.0,0.929444,0.4,-0.929444,-0.529444,-0.4,ok_control_day,Turkey
4379|2022-06-27|Karadeniz Ereğli,4379,2022-06-27,Karadeniz Ereğli,2022,thunder_or_convective,3459,Yalova,4379.0,2023-07-09,2023.0,same_control_component_hazard_cross_year_month_window,1.0,1.0,7.12,0.0,0.982778,7.12,0.982778,6.137222,ok_control_day,Turkey
4379|2022-06-27|Karadeniz Ereğli,4379,2022-06-27,Karadeniz Ereğli,2022,thunder_or_convective,858,Tekirdağ,4379.0,2023-07-09,2023.0,same_control_component_hazard_cross_year_month_window,1.0,1.0,7.12,0.051111,0.0,7.068889,-0.051111,7.12,ok_control_day,Turkey
4379|2022-06-27|Karadeniz Ereğli,4379,2022-06-27,Karadeniz Ereğli,2022,thunder_or_convective,4341,Düzce,,,,missing_control_day_donor,,,7.12,3.846667,,3.273333,,,missing_placebo_or_control_metric,Turkey
175|2022-09-14|Điện Biên Phủ,175,2022-09-14,Điện Biên Phủ,2022,fog,1739,Phúc Yên,,,,missing_control_day_donor,,,0.0,0.0,,0.0,,,missing_placebo_or_control_metric,Vietnam
175|2022-09-14|Điện Biên Phủ,175,2022-09-14,Điện Biên Phủ,2022,fog,5031,Trang Bang,,,,missing_control_day_donor,,,0.0,0.151667,,-0.151667,,,missing_placebo_or_control_metric,Vietnam
175|2022-09-14|Điện Biên Phủ,175,2022-09-14,Điện Biên Phủ,2022,fog,3097,Lạng Sơn,,,,missing_control_day_donor,,,0.0,0.0,,0.0,,,missing_placebo_or_control_metric,Vietnam
175|2022-05-20|Điện Biên Phủ,175,2022-05-20,Điện Biên Phủ,2022,thunder_or_convective,1739,Phúc Yên,175.0,2021-05-01,2021.0,same_control_component_hazard_cross_year_month_window,1.0,0.0,2.977222,0.0,0.124444,2.977222,0.124444,2.852778,ok_control_day,Vietnam
175|2022-05-20|Điện Biên Phủ,175,2022-05-20,Điện Biên Phủ,2022,thunder_or_convective,5031,Trang Bang,175.0,2021-05-01,2021.0,same_control_component_hazard_cross_year_month_window,1.0,0.0,2.977222,0.196111,0.0,2.781111,-0.196111,2.977222,ok_control_day,Vietnam
175|2022-05-20|Điện Biên Phủ,175,2022-05-20,Điện Biên Phủ,2022,thunder_or_convective,3097,Lạng Sơn,,,,missing_control_day_donor,,,2.977222,0.0,,2.977222,,,missing_placebo_or_control_metric,Vietnam
10954|2022-01-10|Giridih,10954,2022-01-10,Giridih,2022,low_vis_5km,10132,Thanjavur,10954.0,2022-01-11,2022.0,same_control_component_hazard_same_year_month_window,0.0,0.0,0.0,0.0,0.0,0.0,0.0,0.0,ok_control_day,India
10954|2022-01-10|Giridih,10954,2022-01-10,Giridih,2022,low_vis_5km,10080,Siltara,10954.0,2022-01-11,2022.0,same_control_component_hazard_same_year_month_window,0.0,0.0,0.0,0.033333,0.0,-0.033333,-0.033333,0.0,ok_control_day,India
10954|2022-01-10|Giridih,10954,2022-01-10,Giridih,2022,low_vis_5km,11432,Chandpara,10954.0,2022-01-11,2022.0,same_control_component_hazard_same_year_month_window,0.0,0.0,0.0,0.0,0.016111,0.0,0.016111,-0.016111,ok_control_day,India
10954|2022-01-11|Giridih,10954,2022-01-11,Giridih,2022,low_vis_5km,10132,Thanjavur,10954.0,2022-01-10,2022.0,same_control_component_hazard_same_year_month_window,0.0,0.0,3.687222,0.0,0.0,3.687222,0.0,3.687222,ok_control_day,India
10954|2022-01-11|Giridih,10954,2022-01-11,Giridih,2022,low_vis_5km,10080,Siltara,10954.0,2022-01-10,2022.0,same_control_component_hazard_same_year_month_window,0.0,0.0,3.687222,0.0,0.033333,3.687222,0.033333,3.653889,ok_control_day,India
10954|2022-01-11|Giridih,10954,2022-01-11,Giridih,2022,low_vis_5km,11432,Chandpara,10954.0,2022-01-10,2022.0,same_control_component_hazard_same_year_month_window,0.0,0.0,3.687222,0.016111,0.0,3.671111,-0.016111,3.687222,ok_control_day,India
7672|2022-01-08|Zigong,7672,2022-01-08,Zigong,2022,fog,10851,Yangjiang,7672.0,2022-01-07,2022.0,same_control_component_hazard_same_year_month_window,0.0,0.0,0.036667,0.0,0.0,0.036667,0.0,0.036667,ok_control_day,China
7672|2022-01-08|Zigong,7672,2022-01-08,Zigong,2022,fog,9653,Ningming,7672.0,2022-01-07,2022.0,same_control_component_hazard_same_year_month_window,0.0,0.0,0.036667,0.0,0.0,0.036667,0.0,0.036667,ok_control_day,China
7672|2022-01-08|Zigong,7672,2022-01-08,Zigong,2022,fog,7775,Xingping,7672.0,2022-01-07,2022.0,same_control_component_hazard_same_year_month_window,0.0,0.0,0.036667,0.083333,0.0,-0.046666,-0.083333,0.036667,ok_control_day,China
7672|2022-01-07|Zigong,7672,2022-01-07,Zigong,2022,fog,10851,Yangjiang,7672.0,2022-01-08,2022.0,same_control_component_hazard_same_year_month_window,0.0,0.0,0.0,0.0,0.0,0.0,0.0,0.0,ok_control_day,China
7672|2022-01-07|Zigong,7672,2022-01-07,Zigong,2022,fog,9653,Ningming,7672.0,2022-01-08,2022.0,same_control_component_hazard_same_year_month_window,0.0,0.0,0.0,0.0,0.0,0.0,0.0,0.0,ok_control_day,China
7672|2022-01-07|Zigong,7672,2022-01-07,Zigong,2022,fog,7775,Xingping,7672.0,2022-01-08,2022.0,same_control_component_hazard_same_year_month_window,0.0,0.0,0.0,0.0,0.083333,0.0,0.083333,-0.083333,ok_control_day,China
3150|2022-02-27|Jiayuguan,3150,2022-02-27,Jiayuguan,2022,gust_15ms,2595,51 farm of 12th division,,,,missing_control_day_donor,,,0.0,0.0,,0.0,,,missing_placebo_or_control_metric,China
3150|2022-02-27|Jiayuguan,3150,2022-02-27,Jiayuguan,2022,gust_15ms,1544,Karamay,,,,missing_control_day_donor,,,0.0,0.0,,0.0,,,missing_placebo_or_control_metric,China
3150|2022-02-27|Jiayuguan,3150,2022-02-27,Jiayuguan,2022,gust_15ms,9035,Mengjin,,,,missing_control_day_donor,,,0.0,0.008333,,-0.008333,,,missing_placebo_or_control_metric,China
3150|2022-04-08|Jiayuguan,3150,2022-04-08,Jiayuguan,2022,gust_15ms,2595,51 farm of 12th division,,,,missing_control_day_donor,,,0.0,0.0,,0.0,,,missing_placebo_or_control_metric,China
3150|2022-04-08|Jiayuguan,3150,2022-04-08,Jiayuguan,2022,gust_15ms,1544,Karamay,,,,missing_control_day_donor,,,0.0,0.237778,,-0.237778,,,missing_placebo_or_control_metric,China
3150|2022-04-08|Jiayuguan,3150,2022-04-08,Jiayuguan,2022,gust_15ms,9035,Mengjin,,,,missing_control_day_donor,,,0.0,0.0,,0.0,,,missing_placebo_or_control_metric,China
10936|2022-01-10|Phusro,10936,2022-01-10,Phusro,2022,low_vis_5km,10422,Jagdalpur,10936.0,2022-01-11,2022.0,same_control_component_hazard_same_year_month_window,0.0,0.0,0.0,0.0,0.512222,0.0,0.512222,-0.512222,ok_control_day,India
10936|2022-01-10|Phusro,10936,2022-01-10,Phusro,2022,low_vis_5km,7703,Alibag,10936.0,2022-01-11,2022.0,same_control_component_hazard_same_year_month_window,0.0,0.0,0.0,0.0,0.0,0.0,0.0,0.0,ok_control_day,India
10936|2022-01-10|Phusro,10936,2022-01-10,Phusro,2022,low_vis_5km,7510,Solan,10936.0,2022-01-11,2022.0,same_control_component_hazard_same_year_month_window,0.0,0.0,0.0,0.0,0.560556,0.0,0.560556,-0.560556,ok_control_day,India
10936|2022-01-11|Phusro,10936,2022-01-11,Phusro,2022,low_vis_5km,10422,Jagdalpur,10936.0,2022-01-10,2022.0,same_control_component_hazard_same_year_month_window,0.0,0.0,1.946111,0.512222,0.0,1.433889,-0.512222,1.946111,ok_control_day,India
10936|2022-01-11|Phusro,10936,2022-01-11,Phusro,2022,low_vis_5km,7703,Alibag,10936.0,2022-01-10,2022.0,same_control_component_hazard_same_year_month_window,0.0,0.0,1.946111,0.0,0.0,1.946111,0.0,1.946111,ok_control_day,India
10936|2022-01-11|Phusro,10936,2022-01-11,Phusro,2022,low_vis_5km,7510,Solan,10936.0,2022-01-10,2022.0,same_control_component_hazard_same_year_month_window,0.0,0.0,1.946111,0.560556,0.0,1.385555,-0.560556,1.946111,ok_control_day,India
4263|2022-11-21|Rzeszów,4263,2022-11-21,Rzeszów,2022,fog,3403,Bełchatów,4339.0,2022-11-22,2022.0,same_control_component_hazard_same_year_month_window,0.0,0.0,0.0,0.0,0.0,0.0,0.0,0.0,ok_control_day,Poland
4263|2022-11-21|Rzeszów,4263,2022-11-21,Rzeszów,2022,fog,3939,Nowy Sącz,4339.0,2022-11-22,2022.0,same_control_component_hazard_same_year_month_window,0.0,0.0,0.0,0.0,0.0,0.0,0.0,0.0,ok_control_day,Poland
4263|2022-11-21|Rzeszów,4263,2022-11-21,Rzeszów,2022,fog,1080,Słupsk,4339.0,2022-11-22,2022.0,same_control_component_hazard_same_year_month_window,0.0,0.0,0.0,0.0,0.0,0.0,0.0,0.0,ok_control_day,Poland
4263|2022-11-25|Rzeszów,4263,2022-11-25,Rzeszów,2022,low_ceiling_1000m,3403,Bełchatów,4339.0,2020-12-17,2020.0,same_control_component_hazard_cross_year_month_window,2.0,1.0,0.0,0.0,0.0,0.0,0.0,0.0,ok_control_day,Poland
4263|2022-11-25|Rzeszów,4263,2022-11-25,Rzeszów,2022,low_ceiling_1000m,3939,Nowy Sącz,,,,missing_control_day_donor,,,0.0,0.0,,0.0,,,missing_placebo_or_control_metric,Poland
4263|2022-11-25|Rzeszów,4263,2022-11-25,Rzeszów,2022,low_ceiling_1000m,1080,Słupsk,,,,missing_control_day_donor,,,0.0,0.0,,0.0,,,missing_placebo_or_control_metric,Poland
6403|2022-02-28|Nizhnekamsk,6403,2022-02-28,Nizhnekamsk,2022,fog,6031,Ulyanovsk,3944.0,2023-03-08,2023.0,same_control_component_hazard_cross_year_month_window,1.0,1.0,0.0,0.0,0.0,0.0,0.0,0.0,ok_control_day,Russia
6403|2022-02-28|Nizhnekamsk,6403,2022-02-28,Nizhnekamsk,2022,fog,6242,Dimitrovgrad,6403.0,2023-01-28,2023.0,same_control_component_hazard_cross_year_month_window,1.0,1.0,0.0,0.0,0.0,0.0,0.0,0.0,ok_control_day,Russia
6403|2022-02-28|Nizhnekamsk,6403,2022-02-28,Nizhnekamsk,2022,fog,6191,Glazov,3944.0,2023-03-08,2023.0,same_control_component_hazard_cross_year_month_window,1.0,1.0,0.0,0.0,0.0,0.0,0.0,0.0,ok_control_day,Russia
6403|2022-04-18|Nizhnekamsk,6403,2022-04-18,Nizhnekamsk,2022,low_ceiling_300m,6031,Ulyanovsk,,,,missing_control_day_donor,,,0.0,0.047778,,-0.047778,,,missing_placebo_or_control_metric,Russia
6403|2022-04-18|Nizhnekamsk,6403,2022-04-18,Nizhnekamsk,2022,low_ceiling_300m,6242,Dimitrovgrad,,,,missing_control_day_donor,,,0.0,0.013333,,-0.013333,,,missing_placebo_or_control_metric,Russia
6403|2022-04-18|Nizhnekamsk,6403,2022-04-18,Nizhnekamsk,2022,low_ceiling_300m,6191,Glazov,,,,missing_control_day_donor,,,0.0,0.0,,0.0,,,missing_placebo_or_control_metric,Russia
10210|2022-11-11|Neyveli Township,10210,2022-11-11,Neyveli Township,2022,low_vis_5km,7349,Daman,,,,missing_control_day_donor,,,12.109444,0.0,,12.109444,,,missing_placebo_or_control_metric,India
10210|2022-11-11|Neyveli Township,10210,2022-11-11,Neyveli Township,2022,low_vis_5km,10314,Chengalpattu,,,,missing_control_day_donor,,,12.109444,0.564444,,11.545,,,missing_placebo_or_control_metric,India
10210|2022-11-11|Neyveli Township,10210,2022-11-11,Neyveli Township,2022,low_vis_5km,11388,Durgachak,10210.0,2020-11-25,2020.0,same_control_component_hazard_cross_year_month_window,2.0,0.0,12.109444,0.0,0.0,12.109444,0.0,12.109444,ok_control_day,India
10210|2022-09-28|Neyveli Township,10210,2022-09-28,Neyveli Township,2022,low_vis_5km,7349,Daman,,,,missing_control_day_donor,,,0.0,0.0,,0.0,,,missing_placebo_or_control_metric,India
10210|2022-09-28|Neyveli Township,10210,2022-09-28,Neyveli Township,2022,low_vis_5km,10314,Chengalpattu,,,,missing_control_day_donor,,,0.0,0.155556,,-0.155556,,,missing_placebo_or_control_metric,India
10210|2022-09-28|Neyveli Township,10210,2022-09-28,Neyveli Township,2022,low_vis_5km,11388,Durgachak,,,,missing_control_day_donor,,,0.0,1.305556,,-1.305556,,,missing_placebo_or_control_metric,India
56|2022-02-16|Brest,56,2022-02-16,Brest,2022,low_vis_5km,1585,Caen,56.0,2023-01-04,2023.0,same_control_component_hazard_cross_year_month_window,1.0,1.0,0.000556,0.050556,0.0,-0.05,-0.050556,0.000556,ok_control_day,France
56|2022-02-16|Brest,56,2022-02-16,Brest,2022,low_vis_5km,544,Saint-Nazaire,56.0,2023-01-04,2023.0,same_control_component_hazard_cross_year_month_window,1.0,1.0,0.000556,0.0,0.992778,0.000556,0.992778,-0.992222,ok_control_day,France
56|2022-02-16|Brest,56,2022-02-16,Brest,2022,low_vis_5km,1681,Le Havre,,,,missing_control_day_donor,,,0.000556,0.0,,0.000556,,,missing_placebo_or_control_metric,France
56|2022-01-24|Brest,56,2022-01-24,Brest,2022,fog,1585,Caen,,,,missing_control_day_donor,,,0.0,0.0,,0.0,,,missing_placebo_or_control_metric,France
56|2022-01-24|Brest,56,2022-01-24,Brest,2022,fog,544,Saint-Nazaire,56.0,2021-12-29,2021.0,same_control_component_hazard_cross_year_month_window,1.0,1.0,0.0,0.0,0.067778,0.0,0.067778,-0.067778,ok_control_day,France
56|2022-01-24|Brest,56,2022-01-24,Brest,2022,fog,1681,Le Havre,56.0,2021-12-29,2021.0,same_control_component_hazard_cross_year_month_window,1.0,1.0,0.0,0.0,0.405,0.0,0.405,-0.405,ok_control_day,France
4339|2022-11-22|Lublin,4339,2022-11-22,Lublin,2022,fog,3403,Bełchatów,4263.0,2022-11-21,2022.0,same_control_component_hazard_same_year_month_window,0.0,0.0,0.0,0.0,0.0,0.0,0.0,0.0,ok_control_day,Poland
4339|2022-11-22|Lublin,4339,2022-11-22,Lublin,2022,fog,1080,Słupsk,4263.0,2022-11-21,2022.0,same_control_component_hazard_same_year_month_window,0.0,0.0,0.0,0.0,0.0,0.0,0.0,0.0,ok_control_day,Poland
4339|2022-11-22|Lublin,4339,2022-11-22,Lublin,2022,fog,3939,Nowy Sącz,4263.0,2022-11-21,2022.0,same_control_component_hazard_same_year_month_window,0.0,0.0,0.0,0.0,0.0,0.0,0.0,0.0,ok_control_day,Poland
4339|2022-11-26|Lublin,4339,2022-11-26,Lublin,2022,low_vis_5km,3403,Bełchatów,4339.0,2021-12-15,2021.0,same_control_component_hazard_cross_year_month_window,1.0,1.0,0.0,0.0,0.0,0.0,0.0,0.0,ok_control_day,Poland
4339|2022-11-26|Lublin,4339,2022-11-26,Lublin,2022,low_vis_5km,1080,Słupsk,4339.0,2021-12-15,2021.0,same_control_component_hazard_cross_year_month_window,1.0,1.0,0.0,0.0,0.0,0.0,0.0,0.0,ok_control_day,Poland
4339|2022-11-26|Lublin,4339,2022-11-26,Lublin,2022,low_vis_5km,3939,Nowy Sącz,,,,missing_control_day_donor,,,0.0,0.037778,,-0.037778,,,missing_placebo_or_control_metric,Poland
2044|2022-01-09|Vinnytsia,2044,2022-01-09,Vinnytsia,2022,low_ceiling_1000m,4030,Lozova,2044.0,2022-01-23,2022.0,same_control_component_hazard_same_year_month_window,0.0,0.0,0.562778,0.0,0.0,0.562778,0.0,0.562778,ok_control_day,Ukraine
2044|2022-01-09|Vinnytsia,2044,2022-01-09,Vinnytsia,2022,low_ceiling_1000m,2506,Pervomaisk,2044.0,2022-01-23,2022.0,same_control_component_hazard_same_year_month_window,0.0,0.0,0.562778,0.0,0.0,0.562778,0.0,0.562778,ok_control_day,Ukraine
2044|2022-01-09|Vinnytsia,2044,2022-01-09,Vinnytsia,2022,low_ceiling_1000m,1089,Kovel,2044.0,2022-01-23,2022.0,same_control_component_hazard_same_year_month_window,0.0,0.0,0.562778,0.0,0.0,0.562778,0.0,0.562778,ok_control_day,Ukraine
2044|2022-01-23|Vinnytsia,2044,2022-01-23,Vinnytsia,2022,low_ceiling_1000m,4030,Lozova,2044.0,2022-01-09,2022.0,same_control_component_hazard_same_year_month_window,0.0,0.0,0.0,0.0,0.0,0.0,0.0,0.0,ok_control_day,Ukraine
2044|2022-01-23|Vinnytsia,2044,2022-01-23,Vinnytsia,2022,low_ceiling_1000m,2506,Pervomaisk,2044.0,2022-01-09,2022.0,same_control_component_hazard_same_year_month_window,0.0,0.0,0.0,0.0,0.0,0.0,0.0,0.0,ok_control_day,Ukraine
2044|2022-01-23|Vinnytsia,2044,2022-01-23,Vinnytsia,2022,low_ceiling_1000m,1089,Kovel,2044.0,2022-01-09,2022.0,same_control_component_hazard_same_year_month_window,0.0,0.0,0.0,0.0,0.0,0.0,0.0,0.0,ok_control_day,Ukraine
357|2022-01-07|Ensenada,357,2022-01-07,Ensenada,2022,fog,5,Rosarito,357.0,2021-12-02,2021.0,same_control_component_hazard_cross_year_month_window,1.0,1.0,0.0,0.0,0.0,0.0,0.0,0.0,ok_control_day,México
357|2022-01-07|Ensenada,357,2022-01-07,Ensenada,2022,fog,5772,Santa Matilde,,,,missing_control_day_donor,,,0.0,0.0,,0.0,,,missing_placebo_or_control_metric,México
357|2022-01-07|Ensenada,357,2022-01-07,Ensenada,2022,fog,913,Tecate,357.0,2021-12-02,2021.0,same_control_component_hazard_cross_year_month_window,1.0,1.0,0.0,0.0,0.0,0.0,0.0,0.0,ok_control_day,México
357|2022-02-20|Ensenada,357,2022-02-20,Ensenada,2022,low_vis_5km,5,Rosarito,,,,missing_control_day_donor,,,0.0,0.0,,0.0,,,missing_placebo_or_control_metric,México
357|2022-02-20|Ensenada,357,2022-02-20,Ensenada,2022,low_vis_5km,5772,Santa Matilde,,,,missing_control_day_donor,,,0.0,0.0,,0.0,,,missing_placebo_or_control_metric,México
357|2022-02-20|Ensenada,357,2022-02-20,Ensenada,2022,low_vis_5km,913,Tecate,6023.0,2020-01-02,2020.0,same_control_component_hazard_cross_year_month_window,2.0,1.0,0.0,0.0,0.0,0.0,0.0,0.0,ok_control_day,México
4225|2022-11-21|Stalowa Wola,4225,2022-11-21,Stalowa Wola,2022,fog,3403,Bełchatów,4339.0,2022-11-22,2022.0,same_control_component_hazard_same_year_month_window,0.0,0.0,0.0,0.0,0.0,0.0,0.0,0.0,ok_control_day,Poland
4225|2022-11-21|Stalowa Wola,4225,2022-11-21,Stalowa Wola,2022,fog,3349,Płock,4225.0,2021-11-17,2021.0,same_control_component_hazard_cross_year_month_window,1.0,0.0,0.0,0.0,0.0,0.0,0.0,0.0,ok_control_day,Poland
4225|2022-11-21|Stalowa Wola,4225,2022-11-21,Stalowa Wola,2022,fog,1080,Słupsk,4339.0,2022-11-22,2022.0,same_control_component_hazard_same_year_month_window,0.0,0.0,0.0,0.0,0.0,0.0,0.0,0.0,ok_control_day,Poland
4225|2022-11-25|Stalowa Wola,4225,2022-11-25,Stalowa Wola,2022,low_ceiling_1000m,3403,Bełchatów,4339.0,2020-12-17,2020.0,same_control_component_hazard_cross_year_month_window,2.0,1.0,0.0,0.0,0.0,0.0,0.0,0.0,ok_control_day,Poland
4225|2022-11-25|Stalowa Wola,4225,2022-11-25,Stalowa Wola,2022,low_ceiling_1000m,3349,Płock,,,,missing_control_day_donor,,,0.0,0.0,,0.0,,,missing_placebo_or_control_metric,Poland
4225|2022-11-25|Stalowa Wola,4225,2022-11-25,Stalowa Wola,2022,low_ceiling_1000m,1080,Słupsk,,,,missing_control_day_donor,,,0.0,0.0,,0.0,,,missing_placebo_or_control_metric,Poland
4942|2023-12-08|Celaya,4942,2023-12-08,Celaya,2023,low_ceiling_1000m,6696,Matamoros,4942.0,2023-12-12,2023.0,same_control_component_hazard_same_year_month_window,0.0,0.0,0.0,0.0,0.0,0.0,0.0,0.0,ok_control_day,México
4942|2023-12-08|Celaya,4942,2023-12-08,Celaya,2023,low_ceiling_1000m,4288,San Francisco del Rincón,4942.0,2023-12-12,2023.0,same_control_component_hazard_same_year_month_window,0.0,0.0,0.0,0.0,0.003333,0.0,0.003333,-0.003333,ok_control_day,México
4942|2023-12-08|Celaya,4942,2023-12-08,Celaya,2023,low_ceiling_1000m,4212,Aguascalientes,4942.0,2023-12-12,2023.0,same_control_component_hazard_same_year_month_window,0.0,0.0,0.0,0.0,0.0,0.0,0.0,0.0,ok_control_day,México
4942|2023-12-12|Celaya,4942,2023-12-12,Celaya,2023,low_ceiling_1000m,6696,Matamoros,4942.0,2023-12-08,2023.0,same_control_component_hazard_same_year_month_window,0.0,0.0,0.0,0.0,0.0,0.0,0.0,0.0,ok_control_day,México
4942|2023-12-12|Celaya,4942,2023-12-12,Celaya,2023,low_ceiling_1000m,4288,San Francisco del Rincón,4942.0,2023-12-08,2023.0,same_control_component_hazard_same_year_month_window,0.0,0.0,0.0,0.003333,0.0,-0.003333,-0.003333,0.0,ok_control_day,México
4942|2023-12-12|Celaya,4942,2023-12-12,Celaya,2023,low_ceiling_1000m,4212,Aguascalientes,4942.0,2023-12-08,2023.0,same_control_component_hazard_same_year_month_window,0.0,0.0,0.0,0.0,0.0,0.0,0.0,0.0,ok_control_day,México
4379|2023-07-09|Karadeniz Ereğli,4379,2023-07-09,Karadeniz Ereğli,2023,thunder_or_convective,858,Tekirdağ,4379.0,2022-06-27,2022.0,same_control_component_hazard_cross_year_month_window,1.0,1.0,2.066111,0.0,0.051111,2.066111,0.051111,2.015,ok_control_day,Turkey
4379|2023-07-09|Karadeniz Ereğli,4379,2023-07-09,Karadeniz Ereğli,2023,thunder_or_convective,3459,Yalova,4379.0,2022-06-27,2022.0,same_control_component_hazard_cross_year_month_window,1.0,1.0,2.066111,0.982778,0.0,1.083333,-0.982778,2.066111,ok_control_day,Turkey
4379|2023-07-09|Karadeniz Ereğli,4379,2023-07-09,Karadeniz Ereğli,2023,thunder_or_convective,5938,Dörtyol,,,,missing_control_day_donor,,,2.066111,0.0,,2.066111,,,missing_placebo_or_control_metric,Turkey
4379|2023-04-27|Karadeniz Ereğli,4379,2023-04-27,Karadeniz Ereğli,2023,thunder_or_convective,858,Tekirdağ,4379.0,2021-04-05,2021.0,same_control_component_hazard_cross_year_month_window,2.0,0.0,1.011111,1.423333,0.001111,-0.412222,-1.422222,1.01,ok_control_day,Turkey
4379|2023-04-27|Karadeniz Ereğli,4379,2023-04-27,Karadeniz Ereğli,2023,thunder_or_convective,3459,Yalova,4379.0,2021-04-05,2021.0,same_control_component_hazard_cross_year_month_window,2.0,0.0,1.011111,3.523333,0.238889,-2.512222,-3.284444,0.772222,ok_control_day,Turkey
4379|2023-04-27|Karadeniz Ereğli,4379,2023-04-27,Karadeniz Ereğli,2023,thunder_or_convective,5938,Dörtyol,,,,missing_control_day_donor,,,1.011111,0.666111,,0.345,,,missing_placebo_or_control_metric,Turkey
10954|2023-01-02|Giridih,10954,2023-01-02,Giridih,2023,low_vis_5km,10080,Siltara,10954.0,2023-01-17,2023.0,same_control_component_hazard_same_year_month_window,0.0,0.0,0.0,0.0,0.0,0.0,0.0,0.0,ok_control_day,India
10954|2023-01-02|Giridih,10954,2023-01-02,Giridih,2023,low_vis_5km,11398,Haringhata,10954.0,2023-01-17,2023.0,same_control_component_hazard_same_year_month_window,0.0,0.0,0.0,0.0,0.0,0.0,0.0,0.0,ok_control_day,India
10954|2023-01-02|Giridih,10954,2023-01-02,Giridih,2023,low_vis_5km,10060,Ranipet,10954.0,2023-01-17,2023.0,same_control_component_hazard_same_year_month_window,0.0,0.0,0.0,0.0,0.0,0.0,0.0,0.0,ok_control_day,India
10954|2023-01-17|Giridih,10954,2023-01-17,Giridih,2023,low_vis_5km,10080,Siltara,10954.0,2023-01-02,2023.0,same_control_component_hazard_same_year_month_window,0.0,0.0,0.0,0.0,0.0,0.0,0.0,0.0,ok_control_day,India
10954|2023-01-17|Giridih,10954,2023-01-17,Giridih,2023,low_vis_5km,11398,Haringhata,10954.0,2023-01-02,2023.0,same_control_component_hazard_same_year_month_window,0.0,0.0,0.0,0.0,0.0,0.0,0.0,0.0,ok_control_day,India
10954|2023-01-17|Giridih,10954,2023-01-17,Giridih,2023,low_vis_5km,10060,Ranipet,10954.0,2023-01-02,2023.0,same_control_component_hazard_same_year_month_window,0.0,0.0,0.0,0.0,0.0,0.0,0.0,0.0,ok_control_day,India
175|2023-09-12|Điện Biên Phủ,175,2023-09-12,Điện Biên Phủ,2023,thunder_or_convective,1739,Phúc Yên,175.0,2024-08-13,2024.0,same_control_component_hazard_cross_year_month_window,1.0,1.0,0.0,0.048889,4.174444,-0.048889,4.125555,-4.174444,ok_control_day,Vietnam
175|2023-09-12|Điện Biên Phủ,175,2023-09-12,Điện Biên Phủ,2023,thunder_or_convective,3097,Lạng Sơn,,,,missing_control_day_donor,,,0.0,2.579444,,-2.579444,,,missing_placebo_or_control_metric,Vietnam
175|2023-09-12|Điện Biên Phủ,175,2023-09-12,Điện Biên Phủ,2023,thunder_or_convective,3961,Uông Bí,175.0,2020-08-15,2020.0,same_control_component_hazard_cross_year_month_window,3.0,1.0,0.0,0.460556,0.010556,-0.460556,-0.45,-0.010556,ok_control_day,Vietnam
175|2023-04-26|Điện Biên Phủ,175,2023-04-26,Điện Biên Phủ,2023,low_ceiling_1000m,1739,Phúc Yên,,,,missing_control_day_donor,,,0.0,0.0,,0.0,,,missing_placebo_or_control_metric,Vietnam
175|2023-04-26|Điện Biên Phủ,175,2023-04-26,Điện Biên Phủ,2023,low_ceiling_1000m,3097,Lạng Sơn,,,,missing_control_day_donor,,,0.0,0.0,,0.0,,,missing_placebo_or_control_metric,Vietnam
175|2023-04-26|Điện Biên Phủ,175,2023-04-26,Điện Biên Phủ,2023,low_ceiling_1000m,3961,Uông Bí,,,,missing_control_day_donor,,,0.0,0.007778,,-0.007778,,,missing_placebo_or_control_metric,Vietnam
7672|2023-01-04|Zigong,7672,2023-01-04,Zigong,2023,low_vis_5km,10851,Yangjiang,7672.0,2023-02-07,2023.0,same_control_component_hazard_same_year_month_window,0.0,1.0,0.0,0.0,0.0,0.0,0.0,0.0,ok_control_day,China
7672|2023-01-04|Zigong,7672,2023-01-04,Zigong,2023,low_vis_5km,9653,Ningming,7672.0,2023-02-07,2023.0,same_control_component_hazard_same_year_month_window,0.0,1.0,0.0,0.0,0.0,0.0,0.0,0.0,ok_control_day,China
7672|2023-01-04|Zigong,7672,2023-01-04,Zigong,2023,low_vis_5km,7775,Xingping,7672.0,2023-02-07,2023.0,same_control_component_hazard_same_year_month_window,0.0,1.0,0.0,0.029444,0.556667,-0.029444,0.527223,-0.556667,ok_control_day,China
7672|2023-02-07|Zigong,7672,2023-02-07,Zigong,2023,low_vis_5km,10851,Yangjiang,7672.0,2023-01-04,2023.0,same_control_component_hazard_same_year_month_window,0.0,1.0,0.0,0.0,0.0,0.0,0.0,0.0,ok_control_day,China
7672|2023-02-07|Zigong,7672,2023-02-07,Zigong,2023,low_vis_5km,9653,Ningming,7672.0,2023-01-04,2023.0,same_control_component_hazard_same_year_month_window,0.0,1.0,0.0,0.0,0.0,0.0,0.0,0.0,ok_control_day,China
7672|2023-02-07|Zigong,7672,2023-02-07,Zigong,2023,low_vis_5km,7775,Xingping,7672.0,2023-01-04,2023.0,same_control_component_hazard_same_year_month_window,0.0,1.0,0.0,0.556667,0.029444,-0.556667,-0.527223,-0.029444,ok_control_day,China
10936|2023-01-02|Phusro,10936,2023-01-02,Phusro,2023,low_vis_5km,10422,Jagdalpur,10936.0,2023-01-17,2023.0,same_control_component_hazard_same_year_month_window,0.0,0.0,0.0,0.0,0.0,0.0,0.0,0.0,ok_control_day,India
10936|2023-01-02|Phusro,10936,2023-01-02,Phusro,2023,low_vis_5km,7703,Alibag,10936.0,2023-01-17,2023.0,same_control_component_hazard_same_year_month_window,0.0,0.0,0.0,0.0,0.0,0.0,0.0,0.0,ok_control_day,India
10936|2023-01-02|Phusro,10936,2023-01-02,Phusro,2023,low_vis_5km,10228,Mangalagiri,10936.0,2023-01-17,2023.0,same_control_component_hazard_same_year_month_window,0.0,0.0,0.0,0.0,0.0,0.0,0.0,0.0,ok_control_day,India
10936|2023-01-17|Phusro,10936,2023-01-17,Phusro,2023,low_vis_5km,10422,Jagdalpur,10936.0,2023-01-02,2023.0,same_control_component_hazard_same_year_month_window,0.0,0.0,0.0,0.0,0.0,0.0,0.0,0.0,ok_control_day,India
10936|2023-01-17|Phusro,10936,2023-01-17,Phusro,2023,low_vis_5km,7703,Alibag,10936.0,2023-01-02,2023.0,same_control_component_hazard_same_year_month_window,0.0,0.0,0.0,0.0,0.0,0.0,0.0,0.0,ok_control_day,India
10936|2023-01-17|Phusro,10936,2023-01-17,Phusro,2023,low_vis_5km,10228,Mangalagiri,10936.0,2023-01-02,2023.0,same_control_component_hazard_same_year_month_window,0.0,0.0,0.0,0.0,0.0,0.0,0.0,0.0,ok_control_day,India
4263|2023-12-14|Rzeszów,4263,2023-12-14,Rzeszów,2023,low_ceiling_300m,3403,Bełchatów,4339.0,2024-12-28,2024.0,same_control_component_hazard_cross_year_month_window,1.0,0.0,0.0,0.0,0.0,0.0,0.0,0.0,ok_control_day,Poland
4263|2023-12-14|Rzeszów,4263,2023-12-14,Rzeszów,2023,low_ceiling_300m,1080,Słupsk,4339.0,2024-12-28,2024.0,same_control_component_hazard_cross_year_month_window,1.0,0.0,0.0,0.0,0.0,0.0,0.0,0.0,ok_control_day,Poland
4263|2023-12-14|Rzeszów,4263,2023-12-14,Rzeszów,2023,low_ceiling_300m,3939,Nowy Sącz,,,,missing_control_day_donor,,,0.0,0.0,,0.0,,,missing_placebo_or_control_metric,Poland
4263|2023-01-22|Rzeszów,4263,2023-01-22,Rzeszów,2023,low_ceiling_1000m,3403,Bełchatów,4339.0,2020-01-19,2020.0,same_control_component_hazard_cross_year_month_window,3.0,0.0,0.0,0.0,0.0,0.0,0.0,0.0,ok_control_day,Poland
4263|2023-01-22|Rzeszów,4263,2023-01-22,Rzeszów,2023,low_ceiling_1000m,1080,Słupsk,,,,missing_control_day_donor,,,0.0,0.0,,0.0,,,missing_placebo_or_control_metric,Poland
4263|2023-01-22|Rzeszów,4263,2023-01-22,Rzeszów,2023,low_ceiling_1000m,3939,Nowy Sącz,,,,missing_control_day_donor,,,0.0,0.0,,0.0,,,missing_placebo_or_control_metric,Poland
3944|2023-03-08|Belgorod,3944,2023-03-08,Belgorod,2023,fog,6031,Ulyanovsk,6403.0,2022-02-28,2022.0,same_control_component_hazard_cross_year_month_window,1.0,1.0,0.116111,0.0,0.0,0.116111,0.0,0.116111,ok_control_day,Russia
3944|2023-03-08|Belgorod,3944,2023-03-08,Belgorod,2023,fog,7378,Young Leninist,,,,missing_control_day_donor,,,0.116111,0.0,,0.116111,,,missing_placebo_or_control_metric,Russia
3944|2023-03-08|Belgorod,3944,2023-03-08,Belgorod,2023,fog,6191,Glazov,6403.0,2022-02-28,2022.0,same_control_component_hazard_cross_year_month_window,1.0,1.0,0.116111,0.0,0.0,0.116111,0.0,0.116111,ok_control_day,Russia
3944|2023-12-18|Belgorod,3944,2023-12-18,Belgorod,2023,low_vis_5km,6031,Ulyanovsk,3944.0,2024-12-24,2024.0,same_control_component_hazard_cross_year_month_window,1.0,0.0,0.0,0.0,0.0,0.0,0.0,0.0,ok_control_day,Russia
3944|2023-12-18|Belgorod,3944,2023-12-18,Belgorod,2023,low_vis_5km,7378,Young Leninist,3944.0,2024-12-24,2024.0,same_control_component_hazard_cross_year_month_window,1.0,0.0,0.0,0.0,0.0,0.0,0.0,0.0,ok_control_day,Russia
3944|2023-12-18|Belgorod,3944,2023-12-18,Belgorod,2023,low_vis_5km,6191,Glazov,,,,missing_control_day_donor,,,0.0,0.0,,0.0,,,missing_placebo_or_control_metric,Russia
6403|2023-01-28|Nizhnekamsk,6403,2023-01-28,Nizhnekamsk,2023,fog,6031,Ulyanovsk,6403.0,2022-02-28,2022.0,same_control_component_hazard_cross_year_month_window,1.0,1.0,0.0,0.0,0.0,0.0,0.0,0.0,ok_control_day,Russia
6403|2023-01-28|Nizhnekamsk,6403,2023-01-28,Nizhnekamsk,2023,fog,6242,Dimitrovgrad,6403.0,2022-02-28,2022.0,same_control_component_hazard_cross_year_month_window,1.0,1.0,0.0,0.0,0.0,0.0,0.0,0.0,ok_control_day,Russia
6403|2023-01-28|Nizhnekamsk,6403,2023-01-28,Nizhnekamsk,2023,fog,6191,Glazov,6403.0,2022-02-28,2022.0,same_control_component_hazard_cross_year_month_window,1.0,1.0,0.0,0.0,0.0,0.0,0.0,0.0,ok_control_day,Russia
6403|2023-10-29|Nizhnekamsk,6403,2023-10-29,Nizhnekamsk,2023,low_ceiling_300m,6031,Ulyanovsk,,,,missing_control_day_donor,,,0.026667,0.0,,0.026667,,,missing_placebo_or_control_metric,Russia
6403|2023-10-29|Nizhnekamsk,6403,2023-10-29,Nizhnekamsk,2023,low_ceiling_300m,6242,Dimitrovgrad,,,,missing_control_day_donor,,,0.026667,0.449444,,-0.422777,,,missing_placebo_or_control_metric,Russia
6403|2023-10-29|Nizhnekamsk,6403,2023-10-29,Nizhnekamsk,2023,low_ceiling_300m,6191,Glazov,,,,missing_control_day_donor,,,0.026667,1.430556,,-1.403889,,,missing_placebo_or_control_metric,Russia
56|2023-01-04|Brest,56,2023-01-04,Brest,2023,low_vis_5km,1585,Caen,56.0,2022-02-16,2022.0,same_control_component_hazard_cross_year_month_window,1.0,1.0,0.689444,0.0,0.050556,0.689444,0.050556,0.638888,ok_control_day,France
56|2023-01-04|Brest,56,2023-01-04,Brest,2023,low_vis_5km,544,Saint-Nazaire,56.0,2024-12-25,2024.0,same_control_component_hazard_cross_year_month_window,1.0,1.0,0.689444,0.992778,0.105,-0.303334,-0.887778,0.584444,ok_control_day,France
56|2023-01-04|Brest,56,2023-01-04,Brest,2023,low_vis_5km,944,Cherbourg-en-Cotentin,,,,missing_control_day_donor,,,0.689444,0.0,,0.689444,,,missing_placebo_or_control_metric,France
56|2023-07-31|Brest,56,2023-07-31,Brest,2023,low_vis_5km,1585,Caen,,,,missing_control_day_donor,,,2.048333,0.225556,,1.822777,,,missing_placebo_or_control_metric,France
56|2023-07-31|Brest,56,2023-07-31,Brest,2023,low_vis_5km,544,Saint-Nazaire,,,,missing_control_day_donor,,,2.048333,0.09,,1.958333,,,missing_placebo_or_control_metric,France
56|2023-07-31|Brest,56,2023-07-31,Brest,2023,low_vis_5km,944,Cherbourg-en-Cotentin,,,,missing_control_day_donor,,,2.048333,2.319444,,-0.271111,,,missing_placebo_or_control_metric,France
10210|2023-03-19|Neyveli Township,10210,2023-03-19,Neyveli Township,2023,low_vis_5km,9624,Palladam,,,,missing_control_day_donor,,,0.0,0.0,,0.0,,,missing_placebo_or_control_metric,India
10210|2023-03-19|Neyveli Township,10210,2023-03-19,Neyveli Township,2023,low_vis_5km,9614,Anchal,,,,missing_control_day_donor,,,0.0,0.0,,0.0,,,missing_placebo_or_control_metric,India
10210|2023-03-19|Neyveli Township,10210,2023-03-19,Neyveli Township,2023,low_vis_5km,10422,Jagdalpur,,,,missing_control_day_donor,,,0.0,0.0,,0.0,,,missing_placebo_or_control_metric,India
10210|2023-08-12|Neyveli Township,10210,2023-08-12,Neyveli Township,2023,low_vis_5km,9624,Palladam,,,,missing_control_day_donor,,,2.102222,0.0,,2.102222,,,missing_placebo_or_control_metric,India
10210|2023-08-12|Neyveli Township,10210,2023-08-12,Neyveli Township,2023,low_vis_5km,9614,Anchal,,,,missing_control_day_donor,,,2.102222,0.056111,,2.046111,,,missing_placebo_or_control_metric,India
10210|2023-08-12|Neyveli Township,10210,2023-08-12,Neyveli Township,2023,low_vis_5km,10422,Jagdalpur,10936.0,2024-07-05,2024.0,same_control_component_hazard_cross_year_month_window,1.0,1.0,2.102222,0.443333,0.111667,1.658889,-0.331666,1.990555,ok_control_day,India
4339|2023-01-23|Lublin,4339,2023-01-23,Lublin,2023,low_vis_5km,3403,Bełchatów,4339.0,2023-01-22,2023.0,same_control_component_hazard_same_year_month_window,0.0,0.0,0.0,0.0,0.0,0.0,0.0,0.0,ok_control_day,Poland
4339|2023-01-23|Lublin,4339,2023-01-23,Lublin,2023,low_vis_5km,1080,Słupsk,4339.0,2023-01-22,2023.0,same_control_component_hazard_same_year_month_window,0.0,0.0,0.0,0.0,0.0,0.0,0.0,0.0,ok_control_day,Poland
4339|2023-01-23|Lublin,4339,2023-01-23,Lublin,2023,low_vis_5km,4107,Mielec,4339.0,2023-01-22,2023.0,same_control_component_hazard_same_year_month_window,0.0,0.0,0.0,0.0,0.0,0.0,0.0,0.0,ok_control_day,Poland
4339|2023-01-22|Lublin,4339,2023-01-22,Lublin,2023,low_vis_5km,3403,Bełchatów,4339.0,2023-01-23,2023.0,same_control_component_hazard_same_year_month_window,0.0,0.0,0.0,0.0,0.0,0.0,0.0,0.0,ok_control_day,Poland
4339|2023-01-22|Lublin,4339,2023-01-22,Lublin,2023,low_vis_5km,1080,Słupsk,4339.0,2023-01-23,2023.0,same_control_component_hazard_same_year_month_window,0.0,0.0,0.0,0.0,0.0,0.0,0.0,0.0,ok_control_day,Poland
4339|2023-01-22|Lublin,4339,2023-01-22,Lublin,2023,low_vis_5km,4107,Mielec,4339.0,2023-01-23,2023.0,same_control_component_hazard_same_year_month_window,0.0,0.0,0.0,0.0,0.0,0.0,0.0,0.0,ok_control_day,Poland
4225|2023-12-14|Stalowa Wola,4225,2023-12-14,Stalowa Wola,2023,low_ceiling_300m,3403,Bełchatów,4339.0,2024-12-28,2024.0,same_control_component_hazard_cross_year_month_window,1.0,0.0,0.0,0.0,0.0,0.0,0.0,0.0,ok_control_day,Poland
4225|2023-12-14|Stalowa Wola,4225,2023-12-14,Stalowa Wola,2023,low_ceiling_300m,1080,Słupsk,4339.0,2024-12-28,2024.0,same_control_component_hazard_cross_year_month_window,1.0,0.0,0.0,0.0,0.0,0.0,0.0,0.0,ok_control_day,Poland
4225|2023-12-14|Stalowa Wola,4225,2023-12-14,Stalowa Wola,2023,low_ceiling_300m,3349,Płock,4225.0,2021-12-15,2021.0,same_control_component_hazard_cross_year_month_window,2.0,0.0,0.0,0.0,0.0,0.0,0.0,0.0,ok_control_day,Poland
4225|2023-01-22|Stalowa Wola,4225,2023-01-22,Stalowa Wola,2023,low_ceiling_1000m,3403,Bełchatów,4339.0,2020-01-19,2020.0,same_control_component_hazard_cross_year_month_window,3.0,0.0,0.0,0.0,0.0,0.0,0.0,0.0,ok_control_day,Poland
4225|2023-01-22|Stalowa Wola,4225,2023-01-22,Stalowa Wola,2023,low_ceiling_1000m,1080,Słupsk,,,,missing_control_day_donor,,,0.0,0.0,,0.0,,,missing_placebo_or_control_metric,Poland
4225|2023-01-22|Stalowa Wola,4225,2023-01-22,Stalowa Wola,2023,low_ceiling_1000m,3349,Płock,,,,missing_control_day_donor,,,0.0,0.0,,0.0,,,missing_placebo_or_control_metric,Poland
6023|2023-11-27|Ciudad Valles,6023,2023-11-27,Ciudad Valles,2023,low_ceiling_1000m,5931,Tlaxcala,,,,missing_control_day_donor,,,0.053333,0.0,,0.053333,,,missing_placebo_or_control_metric,México
6023|2023-11-27|Ciudad Valles,6023,2023-11-27,Ciudad Valles,2023,low_ceiling_1000m,913,Tecate,,,,missing_control_day_donor,,,0.053333,0.0,,0.053333,,,missing_placebo_or_control_metric,México
6023|2023-11-27|Ciudad Valles,6023,2023-11-27,Ciudad Valles,2023,low_ceiling_1000m,5665,Los Reyes Acozac,,,,missing_control_day_donor,,,0.053333,0.0,,0.053333,,,missing_placebo_or_control_metric,México
6023|2023-11-20|Ciudad Valles,6023,2023-11-20,Ciudad Valles,2023,fog,5931,Tlaxcala,,,,missing_control_day_donor,,,0.0,0.0,,0.0,,,missing_placebo_or_control_metric,México
6023|2023-11-20|Ciudad Valles,6023,2023-11-20,Ciudad Valles,2023,fog,913,Tecate,357.0,2024-11-28,2024.0,same_control_component_hazard_cross_year_month_window,1.0,0.0,0.0,0.0,0.001667,0.0,0.001667,-0.001667,ok_control_day,México
6023|2023-11-20|Ciudad Valles,6023,2023-11-20,Ciudad Valles,2023,fog,5665,Los Reyes Acozac,,,,missing_control_day_donor,,,0.0,0.0,,0.0,,,missing_placebo_or_control_metric,México
4942|2024-08-04|Celaya,4942,2024-08-04,Celaya,2024,low_ceiling_1000m,6696,Matamoros,4942.0,2024-07-29,2024.0,same_control_component_hazard_same_year_month_window,0.0,1.0,0.0,0.0,0.0,0.0,0.0,0.0,ok_control_day,México
4942|2024-08-04|Celaya,4942,2024-08-04,Celaya,2024,low_ceiling_1000m,4288,San Francisco del Rincón,4942.0,2024-07-29,2024.0,same_control_component_hazard_same_year_month_window,0.0,1.0,0.0,0.0,0.257778,0.0,0.257778,-0.257778,ok_control_day,México
4942|2024-08-04|Celaya,4942,2024-08-04,Celaya,2024,low_ceiling_1000m,4212,Aguascalientes,4942.0,2024-07-29,2024.0,same_control_component_hazard_same_year_month_window,0.0,1.0,0.0,0.0,0.0,0.0,0.0,0.0,ok_control_day,México
4942|2024-07-29|Celaya,4942,2024-07-29,Celaya,2024,low_ceiling_1000m,6696,Matamoros,4942.0,2024-08-04,2024.0,same_control_component_hazard_same_year_month_window,0.0,1.0,0.0,0.0,0.0,0.0,0.0,0.0,ok_control_day,México
4942|2024-07-29|Celaya,4942,2024-07-29,Celaya,2024,low_ceiling_1000m,4288,San Francisco del Rincón,4942.0,2024-08-04,2024.0,same_control_component_hazard_same_year_month_window,0.0,1.0,0.0,0.257778,0.0,-0.257778,-0.257778,0.0,ok_control_day,México
4942|2024-07-29|Celaya,4942,2024-07-29,Celaya,2024,low_ceiling_1000m,4212,Aguascalientes,4942.0,2024-08-04,2024.0,same_control_component_hazard_same_year_month_window,0.0,1.0,0.0,0.0,0.0,0.0,0.0,0.0,ok_control_day,México
4379|2024-10-01|Karadeniz Ereğli,4379,2024-10-01,Karadeniz Ereğli,2024,thunder_or_convective,858,Tekirdağ,,,,missing_control_day_donor,,,11.673889,0.0,,11.673889,,,missing_placebo_or_control_metric,Turkey
4379|2024-10-01|Karadeniz Ereğli,4379,2024-10-01,Karadeniz Ereğli,2024,thunder_or_convective,3459,Yalova,,,,missing_control_day_donor,,,11.673889,0.116667,,11.557222,,,missing_placebo_or_control_metric,Turkey
4379|2024-10-01|Karadeniz Ereğli,4379,2024-10-01,Karadeniz Ereğli,2024,thunder_or_convective,4341,Düzce,,,,missing_control_day_donor,,,11.673889,7.460556,,4.213333,,,missing_placebo_or_control_metric,Turkey
4379|2024-11-15|Karadeniz Ereğli,4379,2024-11-15,Karadeniz Ereğli,2024,low_vis_5km,858,Tekirdağ,,,,missing_control_day_donor,,,0.145556,0.062778,,0.082778,,,missing_placebo_or_control_metric,Turkey
4379|2024-11-15|Karadeniz Ereğli,4379,2024-11-15,Karadeniz Ereğli,2024,low_vis_5km,3459,Yalova,,,,missing_control_day_donor,,,0.145556,0.095556,,0.05,,,missing_placebo_or_control_metric,Turkey
4379|2024-11-15|Karadeniz Ereğli,4379,2024-11-15,Karadeniz Ereğli,2024,low_vis_5km,4341,Düzce,,,,missing_control_day_donor,,,0.145556,0.014444,,0.131112,,,missing_placebo_or_control_metric,Turkey
175|2024-08-12|Điện Biên Phủ,175,2024-08-12,Điện Biên Phủ,2024,low_ceiling_1000m,1739,Phúc Yên,,,,missing_control_day_donor,,,0.255556,0.232778,,0.022778,,,missing_placebo_or_control_metric,Vietnam
175|2024-08-12|Điện Biên Phủ,175,2024-08-12,Điện Biên Phủ,2024,low_ceiling_1000m,5153,Đức Hòa,,,,missing_control_day_donor,,,0.255556,1.194444,,-0.938888,,,missing_placebo_or_control_metric,Vietnam
175|2024-08-12|Điện Biên Phủ,175,2024-08-12,Điện Biên Phủ,2024,low_ceiling_1000m,1915,Quốc Oai,,,,missing_control_day_donor,,,0.255556,1.956667,,-1.701111,,,missing_placebo_or_control_metric,Vietnam
175|2024-08-13|Điện Biên Phủ,175,2024-08-13,Điện Biên Phủ,2024,thunder_or_convective,1739,Phúc Yên,175.0,2023-09-12,2023.0,same_control_component_hazard_cross_year_month_window,1.0,1.0,0.677222,4.174444,0.048889,-3.497222,-4.125555,0.628333,ok_control_day,Vietnam
175|2024-08-13|Điện Biên Phủ,175,2024-08-13,Điện Biên Phủ,2024,thunder_or_convective,5153,Đức Hòa,,,,missing_control_day_donor,,,0.677222,0.121667,,0.555555,,,missing_placebo_or_control_metric,Vietnam
175|2024-08-13|Điện Biên Phủ,175,2024-08-13,Điện Biên Phủ,2024,thunder_or_convective,1915,Quốc Oai,175.0,2021-07-28,2021.0,same_control_component_hazard_cross_year_month_window,3.0,1.0,0.677222,4.550556,1.123889,-3.873334,-3.426667,-0.446667,ok_control_day,Vietnam
10954|2024-07-05|Giridih,10954,2024-07-05,Giridih,2024,low_vis_5km,10132,Thanjavur,10840.0,2021-06-12,2021.0,same_control_component_hazard_cross_year_month_window,3.0,1.0,3.101111,0.411111,0.558889,2.69,0.147778,2.542222,ok_control_day,India
10954|2024-07-05|Giridih,10954,2024-07-05,Giridih,2024,low_vis_5km,10080,Siltara,,,,missing_control_day_donor,,,3.101111,0.009444,,3.091667,,,missing_placebo_or_control_metric,India
10954|2024-07-05|Giridih,10954,2024-07-05,Giridih,2024,low_vis_5km,11398,Haringhata,,,,missing_control_day_donor,,,3.101111,0.049444,,3.051667,,,missing_placebo_or_control_metric,India
10954|2024-01-18|Giridih,10954,2024-01-18,Giridih,2024,low_vis_5km,10132,Thanjavur,10954.0,2022-01-11,2022.0,same_control_component_hazard_cross_year_month_window,2.0,0.0,0.0,0.0,0.0,0.0,0.0,0.0,ok_control_day,India
10954|2024-01-18|Giridih,10954,2024-01-18,Giridih,2024,low_vis_5km,10080,Siltara,10954.0,2023-01-17,2023.0,same_control_component_hazard_cross_year_month_window,1.0,0.0,0.0,0.0,0.0,0.0,0.0,0.0,ok_control_day,India
10954|2024-01-18|Giridih,10954,2024-01-18,Giridih,2024,low_vis_5km,11398,Haringhata,10954.0,2023-01-17,2023.0,same_control_component_hazard_cross_year_month_window,1.0,0.0,0.0,0.839444,0.0,-0.839444,-0.839444,0.0,ok_control_day,India
7672|2024-12-22|Zigong,7672,2024-12-22,Zigong,2024,low_vis_5km,10851,Yangjiang,7672.0,2023-01-04,2023.0,same_control_component_hazard_cross_year_month_window,1.0,1.0,0.0,0.0,0.0,0.0,0.0,0.0,ok_control_day,China
7672|2024-12-22|Zigong,7672,2024-12-22,Zigong,2024,low_vis_5km,9653,Ningming,7672.0,2023-01-04,2023.0,same_control_component_hazard_cross_year_month_window,1.0,1.0,0.0,0.0,0.0,0.0,0.0,0.0,ok_control_day,China
7672|2024-12-22|Zigong,7672,2024-12-22,Zigong,2024,low_vis_5km,7775,Xingping,7672.0,2023-01-04,2023.0,same_control_component_hazard_cross_year_month_window,1.0,1.0,0.0,0.0,0.029444,0.0,0.029444,-0.029444,ok_control_day,China
7672|2024-05-02|Zigong,7672,2024-05-02,Zigong,2024,low_vis_5km,10851,Yangjiang,,,,missing_control_day_donor,,,0.692778,0.0,,0.692778,,,missing_placebo_or_control_metric,China
7672|2024-05-02|Zigong,7672,2024-05-02,Zigong,2024,low_vis_5km,9653,Ningming,,,,missing_control_day_donor,,,0.692778,0.097222,,0.595556,,,missing_placebo_or_control_metric,China
7672|2024-05-02|Zigong,7672,2024-05-02,Zigong,2024,low_vis_5km,7775,Xingping,,,,missing_control_day_donor,,,0.692778,0.69,,0.002778,,,missing_placebo_or_control_metric,China
3795|2024-06-14|Francisco Beltrão,3795,2024-06-14,Francisco Beltrão,2024,gust_15ms,2872,Foz do Iguaçu,3795.0,2021-06-24,2021.0,same_control_component_hazard_cross_year_month_window,3.0,0.0,0.0,0.0,2.533889,0.0,2.533889,-2.533889,ok_control_day,Brazil
3795|2024-06-14|Francisco Beltrão,3795,2024-06-14,Francisco Beltrão,2024,gust_15ms,6334,Lençóis Paulista,3795.0,2021-06-24,2021.0,same_control_component_hazard_cross_year_month_window,3.0,0.0,0.0,0.0,0.0,0.0,0.0,0.0,ok_control_day,Brazil
3795|2024-06-14|Francisco Beltrão,3795,2024-06-14,Francisco Beltrão,2024,gust_15ms,7266,Amparo,3795.0,2020-06-30,2020.0,same_control_component_hazard_cross_year_month_window,4.0,0.0,0.0,0.0,0.0,0.0,0.0,0.0,ok_control_day,Brazil
3795|2024-01-09|Francisco Beltrão,3795,2024-01-09,Francisco Beltrão,2024,gust_15ms,2872,Foz do Iguaçu,3795.0,2020-12-03,2020.0,same_control_component_hazard_cross_year_month_window,4.0,1.0,0.0,0.0,10.052222,0.0,10.052222,-10.052222,ok_control_day,Brazil
3795|2024-01-09|Francisco Beltrão,3795,2024-01-09,Francisco Beltrão,2024,gust_15ms,6334,Lençóis Paulista,3795.0,2020-12-03,2020.0,same_control_component_hazard_cross_year_month_window,4.0,1.0,0.0,0.0,0.028333,0.0,0.028333,-0.028333,ok_control_day,Brazil
3795|2024-01-09|Francisco Beltrão,3795,2024-01-09,Francisco Beltrão,2024,gust_15ms,7266,Amparo,3795.0,2020-12-03,2020.0,same_control_component_hazard_cross_year_month_window,4.0,1.0,0.0,0.0,0.0,0.0,0.0,0.0,ok_control_day,Brazil
10936|2024-07-05|Phusro,10936,2024-07-05,Phusro,2024,low_vis_5km,11100,Ghatsila,,,,missing_control_day_donor,,,0.263889,11.031667,,-10.767778,,,missing_placebo_or_control_metric,India
10936|2024-07-05|Phusro,10936,2024-07-05,Phusro,2024,low_vis_5km,10422,Jagdalpur,10210.0,2023-08-12,2023.0,same_control_component_hazard_cross_year_month_window,1.0,1.0,0.263889,0.111667,0.443333,0.152222,0.331666,-0.179444,ok_control_day,India
10936|2024-07-05|Phusro,10936,2024-07-05,Phusro,2024,low_vis_5km,11248,Bolpur,,,,missing_control_day_donor,,,0.263889,15.363333,,-15.099444,,,missing_placebo_or_control_metric,India
10936|2024-01-18|Phusro,10936,2024-01-18,Phusro,2024,low_vis_5km,11100,Ghatsila,,,,missing_control_day_donor,,,0.0,0.045556,,-0.045556,,,missing_placebo_or_control_metric,India
10936|2024-01-18|Phusro,10936,2024-01-18,Phusro,2024,low_vis_5km,10422,Jagdalpur,10936.0,2023-01-17,2023.0,same_control_component_hazard_cross_year_month_window,1.0,0.0,0.0,0.0,0.0,0.0,0.0,0.0,ok_control_day,India
10936|2024-01-18|Phusro,10936,2024-01-18,Phusro,2024,low_vis_5km,11248,Bolpur,,,,missing_control_day_donor,,,0.0,0.0,,0.0,,,missing_placebo_or_control_metric,India
11179|2024-02-09|Ruijin,11179,2024-02-09,Ruijin,2024,fog,10147,Huangpi,,,,missing_control_day_donor,,,0.0,0.0,,0.0,,,missing_placebo_or_control_metric,China
11179|2024-02-09|Ruijin,11179,2024-02-09,Ruijin,2024,fog,11511,Lishui,,,,missing_control_day_donor,,,0.0,0.0,,0.0,,,missing_placebo_or_control_metric,China
11179|2024-02-09|Ruijin,11179,2024-02-09,Ruijin,2024,fog,10233,Lingling,,,,missing_control_day_donor,,,0.0,0.0,,0.0,,,missing_placebo_or_control_metric,China
11179|2024-03-16|Ruijin,11179,2024-03-16,Ruijin,2024,low_vis_5km,10147,Huangpi,,,,missing_control_day_donor,,,0.0,0.096667,,-0.096667,,,missing_placebo_or_control_metric,China
11179|2024-03-16|Ruijin,11179,2024-03-16,Ruijin,2024,low_vis_5km,11511,Lishui,,,,missing_control_day_donor,,,0.0,0.0,,0.0,,,missing_placebo_or_control_metric,China
11179|2024-03-16|Ruijin,11179,2024-03-16,Ruijin,2024,low_vis_5km,10233,Lingling,,,,missing_control_day_donor,,,0.0,0.0,,0.0,,,missing_placebo_or_control_metric,China
4263|2024-11-11|Rzeszów,4263,2024-11-11,Rzeszów,2024,low_vis_5km,3895,Radom,,,,missing_control_day_donor,,,0.031667,0.0,,0.031667,,,missing_placebo_or_control_metric,Poland
4263|2024-11-11|Rzeszów,4263,2024-11-11,Rzeszów,2024,low_vis_5km,3403,Bełchatów,4339.0,2022-11-26,2022.0,same_control_component_hazard_cross_year_month_window,2.0,0.0,0.031667,0.0,0.0,0.031667,0.0,0.031667,ok_control_day,Poland
4263|2024-11-11|Rzeszów,4263,2024-11-11,Rzeszów,2024,low_vis_5km,3068,Częstochowa,,,,missing_control_day_donor,,,0.031667,0.0,,0.031667,,,missing_placebo_or_control_metric,Poland
4263|2024-12-02|Rzeszów,4263,2024-12-02,Rzeszów,2024,fog,3895,Radom,,,,missing_control_day_donor,,,0.001667,0.0,,0.001667,,,missing_placebo_or_control_metric,Poland
4263|2024-12-02|Rzeszów,4263,2024-12-02,Rzeszów,2024,fog,3403,Bełchatów,4225.0,2024-11-11,2024.0,same_control_component_hazard_same_year_month_window,0.0,1.0,0.001667,0.0,0.0,0.001667,0.0,0.001667,ok_control_day,Poland
4263|2024-12-02|Rzeszów,4263,2024-12-02,Rzeszów,2024,fog,3068,Częstochowa,4263.0,2020-11-09,2020.0,same_control_component_hazard_cross_year_month_window,4.0,1.0,0.001667,0.0,0.0,0.001667,0.0,0.001667,ok_control_day,Poland
3944|2024-12-24|Belgorod,3944,2024-12-24,Belgorod,2024,low_vis_5km,6031,Ulyanovsk,3944.0,2024-12-23,2024.0,same_control_component_hazard_same_year_month_window,0.0,0.0,0.0,0.0,0.0,0.0,0.0,0.0,ok_control_day,Russia
3944|2024-12-24|Belgorod,3944,2024-12-24,Belgorod,2024,low_vis_5km,7378,Young Leninist,3944.0,2024-12-23,2024.0,same_control_component_hazard_same_year_month_window,0.0,0.0,0.0,0.0,0.0,0.0,0.0,0.0,ok_control_day,Russia
3944|2024-12-24|Belgorod,3944,2024-12-24,Belgorod,2024,low_vis_5km,6673,Лобаново,3944.0,2024-12-23,2024.0,same_control_component_hazard_same_year_month_window,0.0,0.0,0.0,0.0,0.0,0.0,0.0,0.0,ok_control_day,Russia
3944|2024-12-23|Belgorod,3944,2024-12-23,Belgorod,2024,low_vis_5km,6031,Ulyanovsk,3944.0,2024-12-24,2024.0,same_control_component_hazard_same_year_month_window,0.0,0.0,0.0,0.0,0.0,0.0,0.0,0.0,ok_control_day,Russia
3944|2024-12-23|Belgorod,3944,2024-12-23,Belgorod,2024,low_vis_5km,7378,Young Leninist,3944.0,2024-12-24,2024.0,same_control_component_hazard_same_year_month_window,0.0,0.0,0.0,0.0,0.0,0.0,0.0,0.0,ok_control_day,Russia
3944|2024-12-23|Belgorod,3944,2024-12-23,Belgorod,2024,low_vis_5km,6673,Лобаново,3944.0,2024-12-24,2024.0,same_control_component_hazard_same_year_month_window,0.0,0.0,0.0,0.0,0.0,0.0,0.0,0.0,ok_control_day,Russia
56|2024-12-25|Brest,56,2024-12-25,Brest,2024,low_vis_5km,544,Saint-Nazaire,56.0,2024-12-26,2024.0,same_control_component_hazard_same_year_month_window,0.0,0.0,0.032778,0.105,0.0,-0.072222,-0.105,0.032778,ok_control_day,France
56|2024-12-25|Brest,56,2024-12-25,Brest,2024,low_vis_5km,4336,Metz,56.0,2024-12-26,2024.0,same_control_component_hazard_same_year_month_window,0.0,0.0,0.032778,0.351111,0.0,-0.318333,-0.351111,0.032778,ok_control_day,France
56|2024-12-25|Brest,56,2024-12-25,Brest,2024,low_vis_5km,4412,Nancy,56.0,2024-12-26,2024.0,same_control_component_hazard_same_year_month_window,0.0,0.0,0.032778,0.119444,0.0,-0.086666,-0.119444,0.032778,ok_control_day,France
56|2024-12-26|Brest,56,2024-12-26,Brest,2024,low_vis_5km,544,Saint-Nazaire,56.0,2024-12-25,2024.0,same_control_component_hazard_same_year_month_window,0.0,0.0,0.0,0.0,0.105,0.0,0.105,-0.105,ok_control_day,France
56|2024-12-26|Brest,56,2024-12-26,Brest,2024,low_vis_5km,4336,Metz,56.0,2024-12-25,2024.0,same_control_component_hazard_same_year_month_window,0.0,0.0,0.0,0.0,0.351111,0.0,0.351111,-0.351111,ok_control_day,France
56|2024-12-26|Brest,56,2024-12-26,Brest,2024,low_vis_5km,4412,Nancy,56.0,2024-12-25,2024.0,same_control_component_hazard_same_year_month_window,0.0,0.0,0.0,0.0,0.119444,0.0,0.119444,-0.119444,ok_control_day,France
6403|2024-12-29|Nizhnekamsk,6403,2024-12-29,Nizhnekamsk,2024,low_ceiling_300m,6031,Ulyanovsk,,,,missing_control_day_donor,,,0.0,0.0,,0.0,,,missing_placebo_or_control_metric,Russia
6403|2024-12-29|Nizhnekamsk,6403,2024-12-29,Nizhnekamsk,2024,low_ceiling_300m,7378,Young Leninist,,,,missing_control_day_donor,,,0.0,0.0,,0.0,,,missing_placebo_or_control_metric,Russia
6403|2024-12-29|Nizhnekamsk,6403,2024-12-29,Nizhnekamsk,2024,low_ceiling_300m,6242,Dimitrovgrad,,,,missing_control_day_donor,,,0.0,0.0,,0.0,,,missing_placebo_or_control_metric,Russia
6403|2024-12-27|Nizhnekamsk,6403,2024-12-27,Nizhnekamsk,2024,low_ceiling_1000m,6031,Ulyanovsk,6403.0,2021-01-24,2021.0,same_control_component_hazard_cross_year_month_window,3.0,1.0,0.028333,0.353889,0.037778,-0.325556,-0.316111,-0.009445,ok_control_day,Russia
6403|2024-12-27|Nizhnekamsk,6403,2024-12-27,Nizhnekamsk,2024,low_ceiling_1000m,7378,Young Leninist,,,,missing_control_day_donor,,,0.028333,0.0,,0.028333,,,missing_placebo_or_control_metric,Russia
6403|2024-12-27|Nizhnekamsk,6403,2024-12-27,Nizhnekamsk,2024,low_ceiling_1000m,6242,Dimitrovgrad,6403.0,2021-01-24,2021.0,same_control_component_hazard_cross_year_month_window,3.0,1.0,0.028333,0.226111,0.0,-0.197778,-0.226111,0.028333,ok_control_day,Russia
2617|2024-08-21|Río Cuarto,2617,2024-08-21,Río Cuarto,2024,low_ceiling_300m,3443,Funes,,,,missing_control_day_donor,,,0.0,0.080556,,-0.080556,,,missing_placebo_or_control_metric,Argentina
2617|2024-08-21|Río Cuarto,2617,2024-08-21,Río Cuarto,2024,low_ceiling_300m,4739,Puerto Iguazú,,,,missing_control_day_donor,,,0.0,0.052778,,-0.052778,,,missing_placebo_or_control_metric,Argentina
2617|2024-08-21|Río Cuarto,2617,2024-08-21,Río Cuarto,2024,low_ceiling_300m,4775,Oberá,,,,missing_control_day_donor,,,0.0,0.0,,0.0,,,missing_placebo_or_control_metric,Argentina
2617|2024-02-29|Río Cuarto,2617,2024-02-29,Río Cuarto,2024,low_ceiling_1000m,3443,Funes,,,,missing_control_day_donor,,,10.332778,0.0,,10.332778,,,missing_placebo_or_control_metric,Argentina
2617|2024-02-29|Río Cuarto,2617,2024-02-29,Río Cuarto,2024,low_ceiling_1000m,4739,Puerto Iguazú,,,,missing_control_day_donor,,,10.332778,0.633889,,9.698889,,,missing_placebo_or_control_metric,Argentina
2617|2024-02-29|Río Cuarto,2617,2024-02-29,Río Cuarto,2024,low_ceiling_1000m,4775,Oberá,,,,missing_control_day_donor,,,10.332778,0.0,,10.332778,,,missing_placebo_or_control_metric,Argentina
4339|2024-12-28|Lublin,4339,2024-12-28,Lublin,2024,low_ceiling_300m,3068,Częstochowa,4339.0,2024-12-29,2024.0,same_control_component_hazard_same_year_month_window,0.0,0.0,0.0,0.0,0.0,0.0,0.0,0.0,ok_control_day,Poland
4339|2024-12-28|Lublin,4339,2024-12-28,Lublin,2024,low_ceiling_300m,3403,Bełchatów,4339.0,2024-12-29,2024.0,same_control_component_hazard_same_year_month_window,0.0,0.0,0.0,0.0,0.0,0.0,0.0,0.0,ok_control_day,Poland
4339|2024-12-28|Lublin,4339,2024-12-28,Lublin,2024,low_ceiling_300m,1080,Słupsk,4339.0,2024-12-29,2024.0,same_control_component_hazard_same_year_month_window,0.0,0.0,0.0,0.0,0.349444,0.0,0.349444,-0.349444,ok_control_day,Poland
4339|2024-12-29|Lublin,4339,2024-12-29,Lublin,2024,low_ceiling_300m,3068,Częstochowa,4339.0,2024-12-28,2024.0,same_control_component_hazard_same_year_month_window,0.0,0.0,0.0,0.0,0.0,0.0,0.0,0.0,ok_control_day,Poland
4339|2024-12-29|Lublin,4339,2024-12-29,Lublin,2024,low_ceiling_300m,3403,Bełchatów,4339.0,2024-12-28,2024.0,same_control_component_hazard_same_year_month_window,0.0,0.0,0.0,0.0,0.0,0.0,0.0,0.0,ok_control_day,Poland
4339|2024-12-29|Lublin,4339,2024-12-29,Lublin,2024,low_ceiling_300m,1080,Słupsk,4339.0,2024-12-28,2024.0,same_control_component_hazard_same_year_month_window,0.0,0.0,0.0,0.349444,0.0,-0.349444,-0.349444,0.0,ok_control_day,Poland
357|2024-11-28|Ensenada,357,2024-11-28,Ensenada,2024,fog,5,Rosarito,357.0,2021-11-04,2021.0,same_control_component_hazard_cross_year_month_window,3.0,0.0,0.0,0.0,0.0,0.0,0.0,0.0,ok_control_day,México
357|2024-11-28|Ensenada,357,2024-11-28,Ensenada,2024,fog,5772,Santa Matilde,,,,missing_control_day_donor,,,0.0,0.0,,0.0,,,missing_placebo_or_control_metric,México
357|2024-11-28|Ensenada,357,2024-11-28,Ensenada,2024,fog,913,Tecate,6023.0,2023-11-20,2023.0,same_control_component_hazard_cross_year_month_window,1.0,0.0,0.0,0.001667,0.0,-0.001667,-0.001667,0.0,ok_control_day,México
357|2024-04-11|Ensenada,357,2024-04-11,Ensenada,2024,fog,5,Rosarito,,,,missing_control_day_donor,,,0.0,0.0,,0.0,,,missing_placebo_or_control_metric,México
357|2024-04-11|Ensenada,357,2024-04-11,Ensenada,2024,fog,5772,Santa Matilde,,,,missing_control_day_donor,,,0.0,0.0,,0.0,,,missing_placebo_or_control_metric,México
357|2024-04-11|Ensenada,357,2024-04-11,Ensenada,2024,fog,913,Tecate,,,,missing_control_day_donor,,,0.0,0.0,,0.0,,,missing_placebo_or_control_metric,México
4225|2024-11-11|Stalowa Wola,4225,2024-11-11,Stalowa Wola,2024,fog,3403,Bełchatów,4225.0,2024-12-02,2024.0,same_control_component_hazard_same_year_month_window,0.0,1.0,0.0,0.0,0.0,0.0,0.0,0.0,ok_control_day,Poland
4225|2024-11-11|Stalowa Wola,4225,2024-11-11,Stalowa Wola,2024,fog,3349,Płock,4225.0,2024-12-02,2024.0,same_control_component_hazard_same_year_month_window,0.0,1.0,0.0,0.0,0.0,0.0,0.0,0.0,ok_control_day,Poland
4225|2024-11-11|Stalowa Wola,4225,2024-11-11,Stalowa Wola,2024,fog,1080,Słupsk,4225.0,2024-12-02,2024.0,same_control_component_hazard_same_year_month_window,0.0,1.0,0.0,0.0,0.0,0.0,0.0,0.0,ok_control_day,Poland
4225|2024-12-02|Stalowa Wola,4225,2024-12-02,Stalowa Wola,2024,fog,3403,Bełchatów,4225.0,2024-11-11,2024.0,same_control_component_hazard_same_year_month_window,0.0,1.0,0.0,0.0,0.0,0.0,0.0,0.0,ok_control_day,Poland
4225|2024-12-02|Stalowa Wola,4225,2024-12-02,Stalowa Wola,2024,fog,3349,Płock,4225.0,2024-11-11,2024.0,same_control_component_hazard_same_year_month_window,0.0,1.0,0.0,0.0,0.0,0.0,0.0,0.0,ok_control_day,Poland
4225|2024-12-02|Stalowa Wola,4225,2024-12-02,Stalowa Wola,2024,fog,1080,Słupsk,4225.0,2024-11-11,2024.0,same_control_component_hazard_same_year_month_window,0.0,1.0,0.0,0.0,0.0,0.0,0.0,0.0,ok_control_day,Poland
