event_id,component_id,country,city_name,centroid_lat,centroid_lon,event_date_utc,event_year,dominant_hazard,severity_score,observability_gap_score_v2,support_residual_z,demand_proxy,need_composite_z,public_hourly_surface_observation_support,denominator_uncertainty_flag,gpm_event_subset_precip_mm_est,era5_tp_sum_mm,era5_wind10_mean_ms,era5_wind10_max_ms,era5_tcc_mean,era5_2t_mean_c,era5_sp_mean,year,canonical_2024_q75
4942|2020-01-21|Celaya,4942,México,Celaya,20.531576,-100.820914,2020-01-21,2020,low_ceiling_1000m,1.4703,0.4309489847569435,-1.738149598762155,0.7440028016109262,0.5999072420262046,0.1801494192494017,False,0.0,0.030518,2.2798,4.370203,0.264188,12.766575,81274.526042,2020,True
4942|2020-08-29|Celaya,4942,México,Celaya,20.531576,-100.820914,2020-08-29,2020,low_ceiling_1000m,1.3858,0.4309489847569435,-1.738149598762155,0.7440028016109262,0.5999072420262046,0.1801494192494017,False,0.0,21.10815,0.979616,1.84903,0.72441,20.233657,80801.864583,2020,True
4379|2020-07-08|Karadeniz Ereğli,4379,Turkey,Karadeniz Ereğli,41.265007,31.422627,2020-07-08,2020,low_ceiling_1000m,2.7792,0.4255751700217459,-1.7718929630194131,0.6138738107745287,1.314925894028547,0.2020953715052822,False,0.405556,11.147499,4.053965,6.103392,0.785475,21.651208,98424.010417,2020,True
4379|2020-06-15|Karadeniz Ereğli,4379,Turkey,Karadeniz Ereğli,41.265007,31.422627,2020-06-15,2020,low_ceiling_1000m,2.5187,0.4255751700217459,-1.7718929630194131,0.6138738107745287,1.314925894028547,0.2020953715052822,False,0.254444,20.33329,2.432834,3.589861,0.871474,19.212376,97954.705729,2020,True
175|2020-04-23|Điện Biên Phủ,175,Vietnam,Điện Biên Phủ,21.388702,103.018583,2020-04-23,2020,thunder_or_convective,0.2077,0.4223236990129126,-1.880740802883767,0.6040389890853908,0.775684414281278,0.165440961886418,False,0.0,39.526939,1.611963,2.32794,0.952412,21.437189,91271.354167,2020,True
175|2020-08-15|Điện Biên Phủ,175,Vietnam,Điện Biên Phủ,21.388702,103.018583,2020-08-15,2020,thunder_or_convective,0.1858,0.4223236990129126,-1.880740802883767,0.6040389890853908,0.775684414281278,0.165440961886418,False,0.826111,23.063183,1.426492,2.020493,0.999738,22.452458,90720.565104,2020,True
10954|2020-09-01|Giridih,10954,India,Giridih,24.171116,86.306248,2020-09-01,2020,thunder_or_convective,0.0426,0.4166104714056073,-1.6309305763459825,0.7874861378626044,0.8047432120449503,0.219547072900251,False,2.820556,24.004459,1.910897,3.318696,0.997467,27.861515,96931.408854,2020,True
10954|2020-12-10|Giridih,10954,India,Giridih,24.171116,86.306248,2020-12-10,2020,low_vis_1km,0.0426,0.4166104714056073,-1.6309305763459825,0.7874861378626044,0.8047432120449503,0.219547072900251,False,0.0,0.0,2.049826,2.848696,0.055185,16.871556,97738.828125,2020,True
7672|2020-12-27|Zigong,7672,China,Zigong,29.352113,104.76754,2020-12-27,2020,fog,1.1557,0.3981712854211544,-1.363662247963734,0.549786960835814,1.253288234954644,0.2428938306192727,False,0.0,0.181198,1.350537,1.994131,0.849901,8.440597,97769.296875,2020,True
7672|2020-12-26|Zigong,7672,China,Zigong,29.352113,104.76754,2020-12-26,2020,fog,1.0428,0.3981712854211544,-1.363662247963734,0.549786960835814,1.253288234954644,0.2428938306192727,False,0.0,0.034809,0.967014,1.784694,0.7702,7.288019,98003.424479,2020,True
10936|2020-09-01|Phusro,10936,India,Phusro,23.772954,85.992166,2020-09-01,2020,thunder_or_convective,0.0612,0.3824528524686358,-1.2919424438407028,0.5460514796007705,1.07225764311402,0.2201015583960777,False,2.41,15.928745,1.565054,2.355677,0.998479,27.618433,97405.617188,2020,True
10936|2020-12-10|Phusro,10936,India,Phusro,23.772954,85.992166,2020-12-10,2020,low_vis_1km,0.0612,0.3824528524686358,-1.2919424438407028,0.5460514796007705,1.07225764311402,0.2201015583960777,False,0.0,0.0,1.830015,2.452825,0.215389,17.685927,98211.786458,2020,True
4263|2020-01-19|Rzeszów,4263,Poland,Rzeszów,50.030827,22.002133,2020-01-19,2020,fog,61.4133,0.3689108206292736,-1.531082323980756,0.7941399638125256,2.118412337362868,0.3743360765773653,False,0.0,0.210762,0.923881,1.550304,0.932131,-0.724148,99738.455729,2020,True
4263|2020-11-09|Rzeszów,4263,Poland,Rzeszów,50.030827,22.002133,2020-11-09,2020,fog,58.8199,0.3689108206292736,-1.531082323980756,0.7941399638125256,2.118412337362868,0.3743360765773653,False,0.0,0.166416,1.837908,2.982595,0.997334,4.471704,99671.252604,2020,True
3944|2020-01-29|Belgorod,3944,Russia,Belgorod,50.591021,36.590908,2020-01-29,2020,low_vis_5km,1.0004,0.3670772721665411,-0.8943541701143374,0.8602842467752292,1.2941055866837732,0.4127414930251561,False,0.0,1.712799,3.515343,6.536808,1.0,2.293481,98372.864583,2020,True
3944|2020-11-04|Belgorod,3944,Russia,Belgorod,50.591021,36.590908,2020-11-04,2020,fog,0.8439,0.3670772721665411,-0.8943541701143374,0.8602842467752292,1.2941055866837732,0.4127414930251561,False,0.0,0.177383,1.954708,2.82057,0.980136,7.947483,100767.947917,2020,True
6403|2020-02-01|Nizhnekamsk,6403,Russia,Nizhnekamsk,55.626131,51.811607,2020-02-01,2020,low_ceiling_300m,14.662,0.365789172541643,-0.9088445071844824,0.6662726901301581,0.8580335880244534,0.321980972392459,False,0.0,0.827789,2.753151,5.053281,0.981415,-1.454688,99508.200521,2020,True
6403|2020-01-21|Nizhnekamsk,6403,Russia,Nizhnekamsk,55.626131,51.811607,2020-01-21,2020,low_ceiling_1000m,14.5008,0.365789172541643,-0.9088445071844824,0.6662726901301581,0.8580335880244534,0.321980972392459,False,0.0,4.012108,4.461378,6.978686,0.941868,-0.771104,98873.359375,2020,True
10210|2020-01-03|Neyveli Township,10210,India,Neyveli Township,11.605937,79.482999,2020-01-03,2020,low_vis_5km,0.4588,0.3645027764531431,-1.4685170970731227,0.4568084982198097,1.463399008460483,0.2604038989085391,False,0.0,1.159191,1.946528,2.771611,0.225332,27.03336,100869.755208,2020,True
10210|2020-11-25|Neyveli Township,10210,India,Neyveli Township,11.605937,79.482999,2020-11-25,2020,low_vis_5km,0.4522,0.3645027764531431,-1.4685170970731227,0.4568084982198097,1.463399008460483,0.2604038989085391,False,11.467222,82.733154,7.300008,8.670253,1.0,23.627934,100031.799479,2020,True
56|2020-02-09|Brest,56,France,Brest,48.395742,-4.48925,2020-02-09,2020,strong_wind,72.9702,0.3603284359301841,-1.9500134133157547,0.5996906554602229,2.785575895212576,0.3825658086733205,False,0.490556,6.49929,14.175607,16.166429,0.971372,12.03692,100031.778646,2020,True
56|2020-11-01|Brest,56,France,Brest,48.395742,-4.48925,2020-11-01,2020,low_vis_5km,70.3797,0.3603284359301841,-1.9500134133157547,0.5996906554602229,2.785575895212576,0.3825658086733205,False,0.063333,5.693913,10.862096,13.109412,0.988426,15.435734,100217.083333,2020,True
1031|2020-09-28|Hamilton,1031,New Zealand,Hamilton,-37.772002,175.269028,2020-09-28,2020,strong_wind,0.3611,0.3499105974302273,-1.5522759239012762,0.8157503064261951,0.994779839808937,0.3656102258798809,False,1.28,7.975101,8.950528,11.377576,0.612415,12.839543,99988.8125,2020,True
1031|2020-09-18|Hamilton,1031,New Zealand,Hamilton,-37.772002,175.269028,2020-09-18,2020,strong_wind,0.3461,0.3499105974302273,-1.5522759239012762,0.8157503064261951,0.994779839808937,0.3656102258798809,False,0.196111,3.254414,6.074218,9.805108,0.540057,11.899611,101127.460938,2020,True
4339|2020-01-19|Lublin,4339,Poland,Lublin,51.239794,22.554886,2020-01-19,2020,low_ceiling_1000m,61.3205,0.3481865010596157,-1.454187974412117,0.6876787486137864,2.0968511738881044,0.3737815910815385,False,0.0,0.42963,1.070662,1.60854,0.97928,1.320693,100602.289062,2020,True
4339|2020-12-17|Lublin,4339,Poland,Lublin,51.239794,22.554886,2020-12-17,2020,low_ceiling_1000m,52.5693,0.3481865010596157,-1.454187974412117,0.6876787486137864,2.0968511738881044,0.3737815910815385,False,0.0,0.148296,1.83022,2.839451,0.967317,2.994867,100170.046875,2020,True
2044|2020-12-05|Vinnytsia,2044,Ukraine,Vinnytsia,49.233728,28.479445,2020-12-05,2020,fog,32.2152,0.3468699569142932,-0.9917415265649874,0.7016868032451994,1.2838129997856524,0.3751532130975311,False,0.0,0.162601,5.008766,5.413407,1.0,-0.329901,99274.666667,2020,True
2044|2020-11-18|Vinnytsia,2044,Ukraine,Vinnytsia,49.233728,28.479445,2020-11-18,2020,low_ceiling_300m,31.644,0.3468699569142932,-0.9917415265649874,0.7016868032451994,1.2838129997856524,0.3751532130975311,False,0.0,0.22459,2.40326,2.863542,0.999667,0.765263,100062.841146,2020,True
6023|2020-01-03|Ciudad Valles,6023,México,Ciudad Valles,21.997964,-99.011314,2020-01-03,2020,fog,0.2042,0.2983611241975308,-1.0830362747719249,0.6551975719371972,0.6464485092583208,0.3065721122979046,False,0.0,0.0,1.596906,3.173415,0.830738,22.311029,99066.255208,2020,True
6023|2020-01-02|Ciudad Valles,6023,México,Ciudad Valles,21.997964,-99.011314,2020-01-02,2020,low_vis_5km,0.1659,0.2983611241975308,-1.0830362747719249,0.6551975719371972,0.6464485092583208,0.3065721122979046,False,0.0,0.090122,1.170729,1.846135,0.899156,21.630101,98922.346354,2020,True
4225|2020-01-19|Stalowa Wola,4225,Poland,Stalowa Wola,50.564298,22.058214,2020-01-19,2020,fog,10.2782,0.2961184973103086,-1.8385386132975343,0.4657678164944843,1.5259188286889165,0.2945777155197572,False,0.0,0.384331,0.761611,1.409336,0.883292,0.156549,100962.622396,2020,True
4225|2020-11-09|Stalowa Wola,4225,Poland,Stalowa Wola,50.564298,22.058214,2020-11-09,2020,fog,9.5667,0.2961184973103086,-1.8385386132975343,0.4657678164944843,1.5259188286889165,0.2945777155197572,False,0.0,0.201225,1.796112,2.411437,0.987975,5.32286,100898.502604,2020,True
4942|2021-09-02|Celaya,4942,México,Celaya,20.531576,-100.820914,2021-09-02,2021,low_ceiling_1000m,1.523,0.431720207933275,-1.7610173230388708,0.7440028016109262,0.62998983989341,0.1800035020136578,False,1.25,9.14526,0.761468,1.591825,0.985502,18.648401,80670.859375,2021,True
4942|2021-10-03|Celaya,4942,México,Celaya,20.531576,-100.820914,2021-10-03,2021,low_ceiling_1000m,1.3059,0.431720207933275,-1.7610173230388708,0.7440028016109262,0.62998983989341,0.1800035020136578,False,0.101111,16.160011,1.567788,2.837513,0.966553,18.588841,80831.671875,2021,True
4379|2021-04-05|Karadeniz Ereğli,4379,Turkey,Karadeniz Ereğli,41.265007,31.422627,2021-04-05,2021,thunder_or_convective,3.216,0.4242936646457224,-1.7740855341905275,0.6138738107745287,1.3026520945925817,0.2019494542695382,False,0.449444,18.430233,2.183673,3.680585,0.989596,7.92017,98364.481771,2021,True
4379|2021-04-08|Karadeniz Ereğli,4379,Turkey,Karadeniz Ereğli,41.265007,31.422627,2021-04-08,2021,low_ceiling_1000m,3.132,0.4242936646457224,-1.7740855341905275,0.6138738107745287,1.3026520945925817,0.2019494542695382,False,1.235556,11.201859,4.649858,5.758229,0.997111,6.811833,98617.9375,2021,True
10954|2021-05-07|Giridih,10954,India,Giridih,24.171116,86.306248,2021-05-07,2021,low_vis_5km,0.0533,0.4242448096368901,-1.640819378934105,0.7874861378626044,0.8802659428671342,0.2194011556645071,False,0.0,5.96571,1.896686,2.917363,0.214041,26.603794,97281.908854,2021,True
10954|2021-01-04|Giridih,10954,India,Giridih,24.171116,86.306248,2021-01-04,2021,low_vis_5km,0.0213,0.4242448096368901,-1.640819378934105,0.7874861378626044,0.8802659428671342,0.2194011556645071,False,0.0,0.0,1.157078,2.434741,0.291197,18.553369,97793.054688,2021,True
175|2021-07-28|Điện Biên Phủ,175,Vietnam,Điện Biên Phủ,21.388702,103.018583,2021-07-28,2021,thunder_or_convective,0.1421,0.4210421936368891,-1.876242763033248,0.6040389890853908,0.7556402756870136,0.1652950446506741,False,0.003889,7.230759,1.324568,2.648062,0.963342,25.011377,90297.505208,2021,True
175|2021-05-01|Điện Biên Phủ,175,Vietnam,Điện Biên Phủ,21.388702,103.018583,2021-05-01,2021,thunder_or_convective,0.1312,0.4210421936368891,-1.876242763033248,0.6040389890853908,0.7556402756870136,0.1652950446506741,False,3.065556,7.359028,1.018229,2.331265,0.805384,22.520949,91194.697917,2021,True
7672|2021-12-10|Zigong,7672,China,Zigong,29.352113,104.76754,2021-12-10,2021,low_vis_5km,1.1373,0.3961169570202576,-1.3609907795391352,0.549786960835814,1.229755394705063,0.2427479133835288,False,0.0,0.995159,1.959825,2.573407,0.999916,10.576064,98265.973958,2021,True
7672|2021-11-03|Zigong,7672,China,Zigong,29.352113,104.76754,2021-11-03,2021,low_vis_5km,0.9366,0.3961169570202576,-1.3609907795391352,0.549786960835814,1.229755394705063,0.2427479133835288,False,0.0,1.101971,1.500185,2.119508,0.995351,15.467432,97668.661458,2021,True
10936|2021-05-07|Phusro,10936,India,Phusro,23.772954,85.992166,2021-05-07,2021,low_vis_5km,0.0765,0.3811713470926121,-1.294345729499079,0.5460514796007705,1.0623876176622766,0.2199556411603338,False,0.0,7.791519,1.565512,2.261147,0.193106,26.848993,97740.700521,2021,True
10936|2021-01-04|Phusro,10936,India,Phusro,23.772954,85.992166,2021-01-04,2021,low_vis_5km,0.0306,0.3811713470926121,-1.294345729499079,0.5460514796007705,1.0623876176622766,0.2199556411603338,False,0.0,0.0,0.898756,1.648499,0.275991,19.228337,98260.346354,2021,True
4263|2021-12-15|Rzeszów,4263,Poland,Rzeszów,50.030827,22.002133,2021-12-15,2021,low_ceiling_300m,63.7771,0.3727925259239825,-1.5352180646836513,0.7941399638125256,2.173087158723386,0.3741901593416214,False,0.0,0.475883,2.543361,3.226619,0.999673,0.987644,99590.283854,2021,True
4263|2021-11-17|Rzeszów,4263,Poland,Rzeszów,50.030827,22.002133,2021-11-17,2021,fog,57.5777,0.3727925259239825,-1.5352180646836513,0.7941399638125256,2.173087158723386,0.3741901593416214,False,0.005556,0.024796,2.715499,3.772162,0.678183,3.026748,98958.127604,2021,True
3944|2021-01-23|Belgorod,3944,Russia,Belgorod,50.591021,36.590908,2021-01-23,2021,low_vis_5km,1.2528,0.3709589774612502,-0.904430352751243,0.8602842467752292,1.3325130073603717,0.4125955757894122,False,0.0,0.7267,4.207026,4.7254,1.0,3.161249,99370.585938,2021,True
3944|2021-02-25|Belgorod,3944,Russia,Belgorod,50.591021,36.590908,2021-02-25,2021,low_vis_5km,1.0483,0.3709589774612502,-0.904430352751243,0.8602842467752292,1.3325130073603717,0.4125955757894122,False,0.0,0.41151,4.690049,6.21358,0.960855,-1.411302,100384.182292,2021,True
56|2021-12-29|Brest,56,France,Brest,48.395742,-4.48925,2021-12-29,2021,fog,69.2461,0.3700115863553835,-1.956981360553084,0.5996906554602229,2.872559764108768,0.3824198914375765,False,0.0,9.71508,10.131405,11.503868,0.984727,13.630467,100484.143229,2021,True
56|2021-12-03|Brest,56,France,Brest,48.395742,-4.48925,2021-12-03,2021,low_ceiling_1000m,53.002,0.3700115863553835,-1.956981360553084,0.5996906554602229,2.872559764108768,0.3824198914375765,False,1.181111,12.029171,8.802689,12.763364,0.999896,11.953271,100285.648438,2021,True
6403|2021-01-24|Nizhnekamsk,6403,Russia,Nizhnekamsk,55.626131,51.811607,2021-01-24,2021,low_ceiling_1000m,13.934,0.369670877836352,-0.9189206898213876,0.6662726901301581,0.8964410087010497,0.3218350551567151,False,0.0,2.414227,3.79675,5.333573,0.99799,-2.374091,100851.419271,2021,True
6403|2021-04-09|Nizhnekamsk,6403,Russia,Nizhnekamsk,55.626131,51.811607,2021-04-09,2021,low_ceiling_1000m,13.5874,0.369670877836352,-0.9189206898213876,0.6662726901301581,0.8964410087010497,0.3218350551567151,False,1.043889,15.960693,1.931516,3.310774,1.0,2.828139,101000.414062,2021,True
10840|2021-01-29|Rourkela,10840,India,Rourkela,22.238048,84.844658,2021-01-29,2021,low_vis_5km,1.3091,0.3639691959569022,-0.7746950047741286,0.8111247300531138,1.9823671958854208,0.4141131150411486,False,0.0,1.727581,1.591371,2.341756,0.278783,19.082066,98337.572917,2021,True
10840|2021-06-12|Rourkela,10840,India,Rourkela,22.238048,84.844658,2021-06-12,2021,low_vis_5km,1.242,0.3639691959569022,-0.7746950047741286,0.8111247300531138,1.9823671958854208,0.4141131150411486,False,3.944444,29.270649,0.631865,1.124507,0.869165,28.220911,96700.695312,2021,True
4339|2021-12-15|Lublin,4339,Poland,Lublin,51.239794,22.554886,2021-12-15,2021,low_vis_5km,55.0941,0.3520682063543245,-1.4583237151150126,0.6876787486137864,2.1515259952486216,0.3736356738457946,False,0.0,0.489712,2.723491,3.610984,1.0,1.047866,100321.867188,2021,True
4339|2021-11-17|Lublin,4339,Poland,Lublin,51.239794,22.554886,2021-11-17,2021,fog,53.0352,0.3520682063543245,-1.4583237151150126,0.6876787486137864,2.1515259952486216,0.3736356738457946,False,0.0,0.033379,2.549245,3.522033,0.873615,1.557591,99759.252604,2021,True
2044|2021-12-06|Vinnytsia,2044,Ukraine,Vinnytsia,49.233728,28.479445,2021-12-06,2021,low_vis_1km,30.3874,0.3507516622090021,-1.0144975397344411,0.7016868032451994,1.4746085107178015,0.3750072958617871,False,0.0,1.829147,2.023495,2.9504,0.999688,0.687738,97585.057292,2021,True
2044|2021-12-09|Vinnytsia,2044,Ukraine,Vinnytsia,49.233728,28.479445,2021-12-09,2021,low_ceiling_300m,29.3593,0.3507516622090021,-1.0144975397344411,0.7016868032451994,1.4746085107178015,0.3750072958617871,False,0.0,0.339031,2.524817,3.836989,0.997017,-0.63292,97998.794271,2021,True
357|2021-12-02|Ensenada,357,México,Ensenada,31.868981,-116.596919,2021-12-02,2021,fog,3.0887,0.3092718060361651,-1.5325109046486247,0.6302457246249927,1.008626092465676,0.3058425261191852,False,0.0,0.002384,1.439911,3.164071,0.170083,14.806655,97473.179688,2021,True
357|2021-11-04|Ensenada,357,México,Ensenada,31.868981,-116.596919,2021-11-04,2021,fog,2.8464,0.3092718060361651,-1.5325109046486247,0.6302457246249927,1.008626092465676,0.3058425261191852,False,0.0,0.004292,1.620821,3.113629,0.032251,17.416477,97191.682292,2021,True
4225|2021-12-15|Stalowa Wola,4225,Poland,Stalowa Wola,50.564298,22.058214,2021-12-15,2021,low_ceiling_300m,10.5154,0.3000002026050176,-1.84267435400043,0.4657678164944843,1.5805936500494338,0.2944317982840133,False,0.0,0.341892,2.284466,3.109747,0.996413,1.090184,100763.242188,2021,True
4225|2021-11-17|Stalowa Wola,4225,Poland,Stalowa Wola,50.564298,22.058214,2021-11-17,2021,fog,10.0213,0.3000002026050176,-1.84267435400043,0.4657678164944843,1.5805936500494338,0.2944317982840133,False,0.0,0.038147,1.831273,2.616474,0.889337,1.727431,100146.294271,2021,True
4942|2022-12-26|Celaya,4942,México,Celaya,20.531576,-100.820914,2022-12-26,2022,low_ceiling_1000m,2.0645,0.4355736334993257,-1.7556587862531827,0.7440028016109262,0.6742196950005667,0.1821047102083698,False,0.0,4.746437,1.422417,2.178614,0.513228,11.625258,81010.927083,2022,True
4942|2022-08-22|Celaya,4942,México,Celaya,20.531576,-100.820914,2022-08-22,2022,low_ceiling_1000m,1.2722,0.4355736334993257,-1.7556587862531827,0.7440028016109262,0.6742196950005667,0.1821047102083698,False,0.0,15.800476,0.972201,2.360375,0.68684,19.420129,80900.486979,2022,True
4379|2022-03-19|Karadeniz Ereğli,4379,Turkey,Karadeniz Ereğli,41.265007,31.422627,2022-03-19,2022,low_ceiling_1000m,3.461,0.4239057131020607,-1.7686306641945575,0.6138738107745287,1.3358315692495748,0.2040506624642502,False,0.0,9.10902,2.670461,5.907737,0.821995,-0.863786,100160.333333,2022,True
4379|2022-06-27|Karadeniz Ereğli,4379,Turkey,Karadeniz Ereğli,41.265007,31.422627,2022-06-27,2022,thunder_or_convective,3.2642,0.4239057131020607,-1.7686306641945575,0.6138738107745287,1.3358315692495748,0.2040506624642502,False,7.12,47.619343,4.761407,7.322152,0.970858,19.100702,98339.497396,2022,True
175|2022-09-14|Điện Biên Phủ,175,Vietnam,Điện Biên Phủ,21.388702,103.018583,2022-09-14,2022,fog,0.1968,0.4206542420932275,-1.8694856465259628,0.6040389890853908,0.7551669145649029,0.1673962528453861,False,0.0,1.330376,0.958855,1.53453,0.70865,23.744175,91040.869792,2022,True
175|2022-05-20|Điện Biên Phủ,175,Vietnam,Điện Biên Phủ,21.388702,103.018583,2022-05-20,2022,thunder_or_convective,0.1858,0.4206542420932275,-1.8694856465259628,0.6040389890853908,0.7551669145649029,0.1673962528453861,False,2.977222,15.307426,0.983454,1.372041,0.931872,23.520787,90777.070312,2022,True
10954|2022-01-10|Giridih,10954,India,Giridih,24.171116,86.306248,2022-01-10,2022,low_vis_5km,0.0213,0.4136882051021737,-1.6256967253289076,0.7874861378626044,0.8147679621759303,0.221502363859219,False,0.0,0.088692,1.35726,2.024915,0.532213,18.183903,97822.216146,2022,True
10954|2022-01-11|Giridih,10954,India,Giridih,24.171116,86.306248,2022-01-11,2022,low_vis_5km,0.0213,0.4136882051021737,-1.6256967253289076,0.7874861378626044,0.8147679621759303,0.221502363859219,False,3.687222,20.559311,1.161357,1.823671,0.884377,17.32642,97785.286458,2022,True
7672|2022-01-08|Zigong,7672,China,Zigong,29.352113,104.76754,2022-01-08,2022,fog,0.989,0.3962918468273839,-1.3539546349969354,0.549786960835814,1.2493189772096671,0.2448491215782408,False,0.036667,0.152588,0.759647,1.078461,0.984114,9.188145,98315.736979,2022,True
7672|2022-01-07|Zigong,7672,China,Zigong,29.352113,104.76754,2022-01-07,2022,fog,0.9667,0.3962918468273839,-1.3539546349969354,0.549786960835814,1.2493189772096671,0.2448491215782408,False,0.0,1.214504,1.099742,1.935032,0.938198,9.389714,98387.143229,2022,True
3150|2022-02-27|Jiayuguan,3150,China,Jiayuguan,39.794314,98.275577,2022-02-27,2022,gust_15ms,0.7229,0.3862996318899703,-0.9478910292931229,0.6918227981089128,1.46762640326676,0.3283721473180412,False,0.0,0.021935,3.433531,6.553448,0.614015,-1.129533,82558.958333,2022,True
3150|2022-04-08|Jiayuguan,3150,China,Jiayuguan,39.794314,98.275577,2022-04-08,2022,gust_15ms,0.7229,0.3862996318899703,-0.9478910292931229,0.6918227981089128,1.46762640326676,0.3283721473180412,False,0.0,0.0,4.540801,7.008927,0.003789,15.426111,82197.078125,2022,True
10936|2022-01-10|Phusro,10936,India,Phusro,23.772954,85.992166,2022-01-10,2022,low_vis_5km,0.0306,0.3807833955489506,-1.287760419915358,0.5460514796007705,1.0942813527463149,0.2220568493550458,False,0.0,0.714302,1.277775,2.200668,0.566049,18.1743,98297.341146,2022,True
10936|2022-01-11|Phusro,10936,India,Phusro,23.772954,85.992166,2022-01-11,2022,low_vis_5km,0.0306,0.3807833955489506,-1.287760419915358,0.5460514796007705,1.0942813527463149,0.2220568493550458,False,1.946111,9.416103,1.108916,1.818174,0.887873,17.930261,98259.203125,2022,True
4263|2022-11-21|Rzeszów,4263,Poland,Rzeszów,50.030827,22.002133,2022-11-21,2022,fog,51.0176,0.3716182461126244,-1.523875851300038,0.7941399638125256,2.1556911380739217,0.3762913675363333,False,0.0,1.025677,1.912008,2.678418,0.86017,-0.122666,97533.265625,2022,True
4263|2022-11-25|Rzeszów,4263,Poland,Rzeszów,50.030827,22.002133,2022-11-25,2022,low_ceiling_1000m,45.9236,0.3716182461126244,-1.523875851300038,0.7941399638125256,2.1556911380739217,0.3762913675363333,False,0.0,2.566338,1.826156,2.853724,0.975946,1.365299,98648.385417,2022,True
6403|2022-02-28|Nizhnekamsk,6403,Russia,Nizhnekamsk,55.626131,51.811607,2022-02-28,2022,fog,18.1732,0.3684965980249938,-0.9237448103223314,0.6662726901301581,1.0485390047995056,0.323936263351427,False,0.0,0.015259,2.38176,3.701622,0.888917,-0.570929,101620.395833,2022,True
6403|2022-04-18|Nizhnekamsk,6403,Russia,Nizhnekamsk,55.626131,51.811607,2022-04-18,2022,low_ceiling_300m,14.5453,0.3684965980249938,-0.9237448103223314,0.6662726901301581,1.0485390047995056,0.323936263351427,False,0.0,2.229691,2.037995,4.013777,0.984358,4.35591,100626.367188,2022,True
10210|2022-11-11|Neyveli Township,10210,India,Neyveli Township,11.605937,79.482999,2022-11-11,2022,low_vis_5km,0.4522,0.3628333195334579,-1.4643350731477782,0.4568084982198097,1.4854227180927777,0.2623591898675071,False,12.109444,32.631397,4.455557,5.542547,1.0,24.030074,100504.820312,2022,True
10210|2022-09-28|Neyveli Township,10210,India,Neyveli Township,11.605937,79.482999,2022-09-28,2022,low_vis_5km,0.422,0.3628333195334579,-1.4643350731477782,0.4568084982198097,1.4854227180927777,0.2623591898675071,False,0.0,8.13961,2.566496,3.635238,0.841344,29.659204,100122.296875,2022,True
56|2022-02-16|Brest,56,France,Brest,48.395742,-4.48925,2022-02-16,2022,low_vis_5km,70.2483,0.3598375220361931,-1.9381142182503537,0.5996906554602229,2.7660042401192504,0.3845210996322885,False,0.000556,2.408028,10.507158,11.577125,0.994433,12.485539,100424.369792,2022,True
56|2022-01-24|Brest,56,France,Brest,48.395742,-4.48925,2022-01-24,2022,fog,59.025,0.3598375220361931,-1.9381142182503537,0.5996906554602229,2.7660042401192504,0.3845210996322885,False,0.0,0.026226,2.120579,3.594817,0.406244,3.882145,102399.768229,2022,True
4339|2022-11-22|Lublin,4339,Poland,Lublin,51.239794,22.554886,2022-11-22,2022,fog,51.349,0.3508939265429664,-1.4469815017313987,0.6876787486137864,2.134129974599158,0.3757368820405066,False,0.0,0.053883,1.842623,3.063703,0.933399,0.671594,98401.572917,2022,True
4339|2022-11-26|Lublin,4339,Poland,Lublin,51.239794,22.554886,2022-11-26,2022,low_vis_5km,49.3955,0.3508939265429664,-1.4469815017313987,0.6876787486137864,2.134129974599158,0.3757368820405066,False,0.0,1.246929,2.118344,2.543447,0.986982,1.060876,100075.367188,2022,True
2044|2022-01-09|Vinnytsia,2044,Ukraine,Vinnytsia,49.233728,28.479445,2022-01-09,2022,low_ceiling_1000m,20.6772,0.3495773823976437,-0.9747186902686468,0.7016868032451994,1.2632894214342556,0.3771085040564991,False,0.562778,5.747795,2.797811,4.311509,0.990145,-1.07866,97484.453125,2022,True
2044|2022-01-23|Vinnytsia,2044,Ukraine,Vinnytsia,49.233728,28.479445,2022-01-23,2022,low_ceiling_1000m,16.793,0.3495773823976437,-0.9747186902686468,0.7016868032451994,1.2632894214342556,0.3771085040564991,False,0.0,1.9207,4.361567,5.015318,0.948569,-5.869157,98896.026042,2022,True
357|2022-01-07|Ensenada,357,México,Ensenada,31.868981,-116.596919,2022-01-07,2022,fog,3.3673,0.3102698511481496,-1.524755062608249,0.6302457246249927,1.0255081364264378,0.3079437343138971,False,0.0,0.003338,1.224545,2.258664,0.075873,11.860661,96912.393229,2022,True
357|2022-02-20|Ensenada,357,México,Ensenada,31.868981,-116.596919,2022-02-20,2022,low_vis_5km,2.58,0.3102698511481496,-1.524755062608249,0.6302457246249927,1.0255081364264378,0.3079437343138971,False,0.0,0.000954,1.532127,3.686927,0.543326,12.743016,97126.911458,2022,True
4225|2022-11-21|Stalowa Wola,4225,Poland,Stalowa Wola,50.564298,22.058214,2022-11-21,2022,fog,8.7563,0.2988259227936592,-1.8313321406168168,0.4657678164944843,1.563197629399968,0.2965330064787252,False,0.0,0.040531,1.95384,2.886603,0.873488,0.133193,98721.098958,2022,True
4225|2022-11-25|Stalowa Wola,4225,Poland,Stalowa Wola,50.564298,22.058214,2022-11-25,2022,low_ceiling_1000m,7.6098,0.2988259227936592,-1.8313321406168168,0.4657678164944843,1.563197629399968,0.2965330064787252,False,0.0,1.78957,1.471799,2.156638,0.976147,0.23444,99841.760417,2022,True
4942|2023-12-08|Celaya,4942,México,Celaya,20.531576,-100.820914,2023-12-08,2023,low_ceiling_1000m,2.8554,0.4410268152643283,-1.7614068125219775,0.7440028016109262,0.7378522675243129,0.1818712426311796,False,0.0,2.049446,1.137918,2.626663,0.690203,13.665175,80923.742188,2023,True
4942|2023-12-12|Celaya,4942,México,Celaya,20.531576,-100.820914,2023-12-12,2023,low_ceiling_1000m,1.9896,0.4410268152643283,-1.7614068125219775,0.7440028016109262,0.7378522675243129,0.1818712426311796,False,0.0,0.533104,1.423889,2.085256,0.650758,11.66369,80989.169271,2023,True
4379|2023-07-09|Karadeniz Ereğli,4379,Turkey,Karadeniz Ereğli,41.265007,31.422627,2023-07-09,2023,thunder_or_convective,4.3985,0.4233745851876794,-1.7830353018770988,0.6138738107745287,1.3367820021649253,0.20381719488706,False,2.066111,78.558922,6.353834,8.753343,0.934203,20.186375,98366.479167,2023,True
4379|2023-04-27|Karadeniz Ereğli,4379,Turkey,Karadeniz Ereğli,41.265007,31.422627,2023-04-27,2023,thunder_or_convective,2.6921,0.4233745851876794,-1.7830353018770988,0.6138738107745287,1.3367820021649253,0.20381719488706,False,1.011111,25.444508,3.564648,6.539112,0.996421,11.210179,97952.174479,2023,True
10954|2023-01-02|Giridih,10954,India,Giridih,24.171116,86.306248,2023-01-02,2023,low_vis_5km,0.0213,0.4203141318544344,-1.6327899053900616,0.7874861378626044,0.881582818330633,0.2212688962820288,False,0.0,0.545979,1.486218,2.168446,0.781827,15.530949,98240.083333,2023,True
10954|2023-01-17|Giridih,10954,India,Giridih,24.171116,86.306248,2023-01-17,2023,low_vis_5km,0.0213,0.4203141318544344,-1.6327899053900616,0.7874861378626044,0.881582818330633,0.2212688962820288,False,0.0,0.000954,1.576958,1.899941,0.198391,14.052566,97843.9375,2023,True
175|2023-09-12|Điện Biên Phủ,175,Vietnam,Điện Biên Phủ,21.388702,103.018583,2023-09-12,2023,thunder_or_convective,0.164,0.420123114178846,-1.8580729835924144,0.6040389890853908,0.7452165119704096,0.1671627852681958,False,0.0,20.47348,0.90471,2.059206,0.970515,24.506474,90717.765625,2023,True
175|2023-04-26|Điện Biên Phủ,175,Vietnam,Điện Biên Phủ,21.388702,103.018583,2023-04-26,2023,low_ceiling_1000m,0.153,0.420123114178846,-1.8580729835924144,0.6040389890853908,0.7452165119704096,0.1671627852681958,False,0.0,1.605034,1.374768,2.368412,0.610807,22.25096,91174.390625,2023,True
7672|2023-01-04|Zigong,7672,China,Zigong,29.352113,104.76754,2023-01-04,2023,low_vis_5km,0.9379,0.3914452877892949,-1.348660991062102,0.549786960835814,1.209105461839837,0.2446156540010506,False,0.0,1.464367,1.431082,2.473877,0.968169,8.404484,98542.481771,2023,True
7672|2023-02-07|Zigong,7672,China,Zigong,29.352113,104.76754,2023-02-07,2023,low_vis_5km,0.8907,0.3914452877892949,-1.348660991062102,0.549786960835814,1.209105461839837,0.2446156540010506,False,0.0,1.783848,0.996356,1.594647,0.998589,11.834253,97604.078125,2023,True
10936|2023-01-02|Phusro,10936,India,Phusro,23.772954,85.992166,2023-01-02,2023,low_vis_5km,0.0306,0.3802522676345693,-1.2888447177849982,0.5460514796007705,1.0925485030746265,0.2218233817778555,False,0.0,0.442028,1.36199,2.020188,0.635817,15.742293,98708.791667,2023,True
10936|2023-01-17|Phusro,10936,India,Phusro,23.772954,85.992166,2023-01-17,2023,low_vis_5km,0.0306,0.3802522676345693,-1.2888447177849982,0.5460514796007705,1.0925485030746265,0.2218233817778555,False,0.0,0.008583,1.190784,2.121738,0.333674,15.638015,98304.104167,2023,True
4263|2023-12-14|Rzeszów,4263,Poland,Rzeszów,50.030827,22.002133,2023-12-14,2023,low_ceiling_300m,47.7657,0.3744367573292752,-1.5247825536427966,0.7941399638125256,2.1663066247464537,0.3760578999591432,False,0.0,0.332832,2.495607,3.336386,0.996976,1.684676,97742.309896,2023,True
4263|2023-01-22|Rzeszów,4263,Poland,Rzeszów,50.030827,22.002133,2023-01-22,2023,low_ceiling_1000m,43.0933,0.3744367573292752,-1.5247825536427966,0.7941399638125256,2.1663066247464537,0.3760578999591432,False,0.0,0.614643,2.889026,4.582804,0.931388,0.667973,99306.989583,2023,True
3944|2023-03-08|Belgorod,3944,Russia,Belgorod,50.591021,36.590908,2023-03-08,2023,fog,0.8369,0.3726032088665428,-0.8977827613414247,0.8602842467752292,1.3739197565090011,0.414463316406934,False,0.116111,2.060413,3.362577,5.634387,0.87376,3.203638,98473.182292,2023,True
3944|2023-12-18|Belgorod,3944,Russia,Belgorod,50.591021,36.590908,2023-12-18,2023,low_vis_5km,0.828,0.3726032088665428,-0.8977827613414247,0.8602842467752292,1.3739197565090011,0.414463316406934,False,0.0,1.100063,4.006217,4.809044,1.0,1.926681,99583.848958,2023,True
6403|2023-01-28|Nizhnekamsk,6403,Russia,Nizhnekamsk,55.626131,51.811607,2023-01-28,2023,fog,16.55,0.3713151092416448,-0.91227309841157,0.6662726901301581,0.9378477578496812,0.3237027957742368,False,0.0,0.843525,2.85831,4.645227,0.982881,-4.831966,100822.984375,2023,True
6403|2023-10-29|Nizhnekamsk,6403,Russia,Nizhnekamsk,55.626131,51.811607,2023-10-29,2023,low_ceiling_300m,13.9322,0.3713151092416448,-0.91227309841157,0.6662726901301581,0.9378477578496812,0.3237027957742368,False,0.026667,11.618137,4.253899,6.294715,0.998618,0.812789,98026.098958,2023,True
56|2023-01-04|Brest,56,France,Brest,48.395742,-4.48925,2023-01-04,2023,low_vis_5km,57.2448,0.3634108066362015,-1.9296311788618743,0.5996906554602229,2.677244094771551,0.3842876320550983,False,0.689444,1.913071,8.873842,10.577721,0.999901,12.856551,101792.731771,2023,True
56|2023-07-31|Brest,56,France,Brest,48.395742,-4.48925,2023-07-31,2023,low_vis_5km,52.17,0.3634108066362015,-1.9296311788618743,0.5996906554602229,2.677244094771551,0.3842876320550983,False,2.048333,10.42223,8.295852,10.155057,0.938408,17.523645,100466.802083,2023,True
10210|2023-03-19|Neyveli Township,10210,India,Neyveli Township,11.605937,79.482999,2023-03-19,2023,low_vis_5km,0.3638,0.3623021916190765,-1.465419371017418,0.4568084982198097,1.4836898684210895,0.2621257222903169,False,0.0,25.877476,1.753082,3.731195,0.69335,28.428827,100408.671875,2023,True
10210|2023-08-12|Neyveli Township,10210,India,Neyveli Township,11.605937,79.482999,2023-08-12,2023,low_vis_5km,0.3447,0.3623021916190765,-1.465419371017418,0.4568084982198097,1.4836898684210895,0.2621257222903169,False,2.102222,16.71648,2.336026,3.33143,0.869698,28.496627,100365.226562,2023,True
4339|2023-01-23|Lublin,4339,Poland,Lublin,51.239794,22.554886,2023-01-23,2023,low_vis_5km,57.33,0.3537124377596172,-1.4478882040741576,0.6876787486137864,2.14474546127169,0.3755034144633164,False,0.0,0.133038,2.362654,2.919781,1.0,2.235529,101055.864583,2023,True
4339|2023-01-22|Lublin,4339,Poland,Lublin,51.239794,22.554886,2023-01-22,2023,low_vis_5km,52.8091,0.3537124377596172,-1.4478882040741576,0.6876787486137864,2.14474546127169,0.3755034144633164,False,0.0,0.704288,3.263898,3.956549,0.998702,1.350671,100337.572917,2023,True
4225|2023-12-14|Stalowa Wola,4225,Poland,Stalowa Wola,50.564298,22.058214,2023-12-14,2023,low_ceiling_300m,7.8075,0.3016444340103102,-1.8322388429595755,0.4657678164944843,1.5738131160725,0.296299538901535,False,0.0,0.24271,2.401793,3.36196,0.994504,1.852482,98952.268229,2023,True
4225|2023-01-22|Stalowa Wola,4225,Poland,Stalowa Wola,50.564298,22.058214,2023-01-22,2023,low_ceiling_1000m,7.2343,0.3016444340103102,-1.8322388429595755,0.4657678164944843,1.5738131160725,0.296299538901535,False,0.0,0.28491,2.711664,3.758449,0.946808,1.594324,100580.322917,2023,True
6023|2023-11-27|Ciudad Valles,6023,México,Ciudad Valles,21.997964,-99.011314,2023-11-27,2023,low_ceiling_1000m,0.3319,0.2961605393634641,-1.0959848413686708,0.6551975719371972,0.6667952709394886,0.3082939356796825,False,0.053333,5.245686,1.689757,3.442428,0.994886,21.263574,100309.856771,2023,True
6023|2023-11-20|Ciudad Valles,6023,México,Ciudad Valles,21.997964,-99.011314,2023-11-20,2023,fog,0.3064,0.2961605393634641,-1.0959848413686708,0.6551975719371972,0.6667952709394886,0.3082939356796825,False,0.0,0.0,1.426894,2.655473,0.291121,24.976495,98836.041667,2023,True
4942|2024-08-04|Celaya,4942,México,Celaya,20.531576,-100.820914,2024-08-04,2024,low_ceiling_1000m,2.3618,0.4406242367708505,-1.837504380823704,0.7440028016109262,0.8877052833276559,0.1809957392167162,False,0.0,0.000477,2.205429,3.783974,0.663591,20.214797,80877.286458,2024,True
4942|2024-07-29|Celaya,4942,México,Celaya,20.531576,-100.820914,2024-07-29,2024,low_ceiling_1000m,1.9082,0.4406242367708505,-1.837504380823704,0.7440028016109262,0.8877052833276559,0.1809957392167162,False,0.0,0.814915,2.416383,4.055825,0.843862,20.383691,80975.653646,2024,True
4379|2024-10-01|Karadeniz Ereğli,4379,Turkey,Karadeniz Ereğli,41.265007,31.422627,2024-10-01,2024,thunder_or_convective,2.9897,0.4232680801838852,-1.7206995296915917,0.6138738107745287,1.326610357886486,0.2029416914725967,False,11.673889,63.107014,9.062339,10.560369,0.979984,14.86651,97986.260417,2024,True
4379|2024-11-15|Karadeniz Ereğli,4379,Turkey,Karadeniz Ereğli,41.265007,31.422627,2024-11-15,2024,low_vis_5km,2.0565,0.4232680801838852,-1.7206995296915917,0.6138738107745287,1.326610357886486,0.2029416914725967,False,0.145556,9.246826,2.316753,6.021241,0.917742,12.079034,98630.520833,2024,True
175|2024-08-12|Điện Biên Phủ,175,Vietnam,Điện Biên Phủ,21.388702,103.018583,2024-08-12,2024,low_ceiling_1000m,0.2405,0.4200166091750519,-1.806098428271044,0.6040389890853908,0.695678410223623,0.1662872818537325,False,0.255556,36.012173,0.961483,1.677924,0.998632,23.433466,90544.611979,2024,True
175|2024-08-13|Điện Biên Phủ,175,Vietnam,Điện Biên Phủ,21.388702,103.018583,2024-08-13,2024,thunder_or_convective,0.2077,0.4200166091750519,-1.806098428271044,0.6040389890853908,0.695678410223623,0.1662872818537325,False,0.677222,21.988869,0.508784,1.048114,0.961241,23.345555,90775.619792,2024,True
10954|2024-07-05|Giridih,10954,India,Giridih,24.171116,86.306248,2024-07-05,2024,low_vis_5km,0.032,0.4169657521495562,-1.6411104966272774,0.7874861378626044,0.934122820271034,0.2203933928675655,False,3.101111,22.56155,2.689912,3.726503,0.99331,27.805922,96283.242188,2024,True
10954|2024-01-18|Giridih,10954,India,Giridih,24.171116,86.306248,2024-01-18,2024,low_vis_5km,0.0213,0.4169657521495562,-1.6411104966272774,0.7874861378626044,0.934122820271034,0.2203933928675655,False,0.0,2.094269,1.873373,2.814396,0.968639,14.972762,97783.880208,2024,True
7672|2024-12-22|Zigong,7672,China,Zigong,29.352113,104.76754,2024-12-22,2024,low_vis_5km,0.9405,0.4100816151982435,-1.228209161274728,0.549786960835814,1.163454922858877,0.2437401505865872,False,0.0,2.274036,1.523145,1.995513,0.981974,7.218296,98319.71875,2024,True
7672|2024-05-02|Zigong,7672,China,Zigong,29.352113,104.76754,2024-05-02,2024,low_vis_5km,0.6467,0.4100816151982435,-1.228209161274728,0.549786960835814,1.163454922858877,0.2437401505865872,False,0.692778,2.295494,1.710399,2.577168,0.999082,16.416874,97128.393229,2024,True
3795|2024-06-14|Francisco Beltrão,3795,Brazil,Francisco Beltrão,-26.064775,-53.053956,2024-06-14,2024,gust_15ms,0.3935,0.3817525672016538,-1.8124615285878456,0.6276775812759003,0.6767331320172272,0.2327963579057958,False,0.0,0.0,4.764112,5.86365,0.201611,20.504765,94185.111979,2024,True
3795|2024-01-09|Francisco Beltrão,3795,Brazil,Francisco Beltrão,-26.064775,-53.053956,2024-01-09,2024,gust_15ms,0.256,0.3817525672016538,-1.8124615285878456,0.6276775812759003,0.6767331320172272,0.2327963579057958,False,0.0,0.207424,1.991838,3.556493,0.619214,25.288059,94070.393229,2024,True
10936|2024-07-05|Phusro,10936,India,Phusro,23.772954,85.992166,2024-07-05,2024,low_vis_5km,0.0459,0.380145762630775,-1.295910890033854,0.5460514796007705,1.130778431850576,0.2209478783633922,False,0.263889,19.529819,2.53831,4.227178,0.990316,28.267837,96748.825521,2024,True
10936|2024-01-18|Phusro,10936,India,Phusro,23.772954,85.992166,2024-01-18,2024,low_vis_5km,0.0306,0.380145762630775,-1.295910890033854,0.5460514796007705,1.130778431850576,0.2209478783633922,False,0.0,2.492428,1.631991,2.538401,0.916206,15.638371,98242.255208,2024,True
11179|2024-02-09|Ruijin,11179,China,Ruijin,25.879708,116.03473,2024-02-09,2024,fog,0.4789,0.3785155701999296,-1.4743079087046405,0.5284538609700578,1.2165218398051023,0.2599661472013074,False,0.0,0.0,2.088555,2.779085,0.242832,5.051172,98749.190104,2024,True
11179|2024-03-16|Ruijin,11179,China,Ruijin,25.879708,116.03473,2024-03-16,2024,low_vis_5km,0.3891,0.3785155701999296,-1.4743079087046405,0.5284538609700578,1.2165218398051023,0.2599661472013074,False,0.0,3.148556,1.868301,2.848419,0.69532,18.799239,97847.054688,2024,True
4263|2024-11-11|Rzeszów,4263,Poland,Rzeszów,50.030827,22.002133,2024-11-11,2024,low_vis_5km,65.5804,0.372961990363072,-1.3500475541652472,0.7941399638125256,2.088819564008978,0.3751823965446799,False,0.031667,0.060081,1.027328,1.634076,0.959468,-0.97251,99670.875,2024,True
4263|2024-12-02|Rzeszów,4263,Poland,Rzeszów,50.030827,22.002133,2024-12-02,2024,fog,56.2409,0.372961990363072,-1.3500475541652472,0.7941399638125256,2.088819564008978,0.3751823965446799,False,0.001667,0.009537,4.150281,5.206868,0.561003,2.692092,99035.273438,2024,True
3944|2024-12-24|Belgorod,3944,Russia,Belgorod,50.591021,36.590908,2024-12-24,2024,low_vis_5km,1.2048,0.3711284419003394,-1.151700284088394,0.8602842467752292,1.732563944176238,0.4135878129924706,False,0.0,0.628471,1.331895,2.002952,0.90689,3.131036,99918.528646,2024,True
3944|2024-12-23|Belgorod,3944,Russia,Belgorod,50.591021,36.590908,2024-12-23,2024,low_vis_5km,1.1924,0.3711284419003394,-1.151700284088394,0.8602842467752292,1.732563944176238,0.4135878129924706,False,0.0,2.350807,2.771712,3.663811,1.0,2.946425,98989.617188,2024,True
56|2024-12-25|Brest,56,France,Brest,48.395742,-4.48925,2024-12-25,2024,low_vis_5km,67.8707,0.3699883558515737,-1.7138787678168583,0.5996906554602229,2.553671841832088,0.383412128640635,False,0.032778,0.201225,1.552175,2.362253,0.999934,10.465194,102790.21875,2024,True
56|2024-12-26|Brest,56,France,Brest,48.395742,-4.48925,2024-12-26,2024,low_vis_5km,65.2681,0.3699883558515737,-1.7138787678168583,0.5996906554602229,2.553671841832088,0.383412128640635,False,0.0,0.229359,2.473399,3.315387,0.512792,8.259688,102682.815104,2024,True
6403|2024-12-29|Nizhnekamsk,6403,Russia,Nizhnekamsk,55.626131,51.811607,2024-12-29,2024,low_ceiling_300m,25.2887,0.3698403422754413,-1.1623806092086215,0.6662726901301581,1.2530283577789525,0.3228272923597735,False,0.0,0.30756,2.836659,3.907107,0.987357,-5.928595,100998.973958,2024,True
6403|2024-12-27|Nizhnekamsk,6403,Russia,Nizhnekamsk,55.626131,51.811607,2024-12-27,2024,low_ceiling_1000m,16.9195,0.3698403422754413,-1.1623806092086215,0.6662726901301581,1.2530283577789525,0.3228272923597735,False,0.028333,1.692772,4.887575,7.582352,0.940721,-1.711066,100896.958333,2024,True
2617|2024-08-21|Río Cuarto,2617,Argentina,Río Cuarto,-33.12169,-64.348265,2024-08-21,2024,low_ceiling_300m,16.493,0.3685748006671401,-0.9036081723407255,0.7881719488706006,1.338980034604993,0.3736940407400922,False,0.0,1.004219,3.209559,4.981076,1.0,6.491764,96779.921875,2024,True
2617|2024-02-29|Río Cuarto,2617,Argentina,Río Cuarto,-33.12169,-64.348265,2024-02-29,2024,low_ceiling_1000m,16.0531,0.3685748006671401,-0.9036081723407255,0.7881719488706006,1.338980034604993,0.3736940407400922,False,10.332778,26.925087,2.264879,3.760173,0.777337,23.339502,96565.023438,2024,True
4339|2024-12-28|Lublin,4339,Poland,Lublin,51.239794,22.554886,2024-12-28,2024,low_ceiling_300m,56.2384,0.3522376707934139,-1.2696984670728897,0.6876787486137864,2.027847687537088,0.374627911048853,False,0.0,0.470638,1.423241,1.957647,0.974748,-0.682908,100592.903646,2024,True
4339|2024-12-29|Lublin,4339,Poland,Lublin,51.239794,22.554886,2024-12-29,2024,low_ceiling_300m,55.5386,0.3522376707934139,-1.2696984670728897,0.6876787486137864,2.027847687537088,0.374627911048853,False,0.0,0.300884,3.032445,3.927266,0.96489,0.571975,100135.015625,2024,True
357|2024-11-28|Ensenada,357,México,Ensenada,31.868981,-116.596919,2024-11-28,2024,fog,3.0524,0.3052569681443155,-1.597778774506722,0.6302457246249927,1.1383560688693088,0.3068347633222436,False,0.0,0.001907,1.69201,3.299174,0.949036,15.154301,97184.958333,2024,True
357|2024-04-11|Ensenada,357,México,Ensenada,31.868981,-116.596919,2024-04-11,2024,fog,2.9433,0.3052569681443155,-1.597778774506722,0.6302457246249927,1.1383560688693088,0.3068347633222436,False,0.0,0.0,1.703802,3.468487,0.00767,15.525761,96986.28125,2024,True
4225|2024-11-11|Stalowa Wola,4225,Poland,Stalowa Wola,50.564298,22.058214,2024-11-11,2024,fog,10.8712,0.3001696670441069,-1.6535643809653215,0.4657678164944843,1.4513857304788464,0.2954240354870717,False,0.0,0.039577,1.094115,1.999289,0.856108,-0.129492,100909.5,2024,True
4225|2024-12-02|Stalowa Wola,4225,Poland,Stalowa Wola,50.564298,22.058214,2024-12-02,2024,fog,9.8039,0.3001696670441069,-1.6535643809653215,0.4657678164944843,1.4513857304788464,0.2954240354870717,False,0.0,0.014305,2.880607,3.323419,0.3634,2.534865,100203.315104,2024,True
